{
"type": "FeatureCollection",
"name": "Cofre_de_Perote",
"crs": { "type": "name", "properties": { "name": "urn:ogc:def:crs:OGC:1.3:CRS84" } },
"features": [
{ "type": "Feature", "properties": { "NUM_ANP": 17, "ID_ANP": "ANP00703017", "ID_DOF": "7.3.02.017", "NOMBRE": "Cofre de Perote o Nauhcampatépetl", "CAT_MANEJO": "PN", "ESTADOS": "Veracruz", "REGION": "Planicie Costera y Golfo de México", "SUPERFICIE": 11530.73275, "S_TERRES": 11530.73275, "S_MARINA": 0.0, "PRIM_DEC": "1937-05-04T00:00:00", "ULT_DOF": "1937-05-04T00:00:00", "PM": "2015-01-21T00:00:00", "CERT_SINAP": null }, "geometry": { "type": "Polygon", "coordinates": [ [ [ -97.120821794990988, 19.561743007747214 ], [ -97.12069834337197, 19.561705588837306 ], [ -97.120287885620598, 19.56176454719153 ], [ -97.120163910587237, 19.561772289121929 ], [ -97.120040459140057, 19.561734869772401 ], [ -97.119965173769998, 19.561652785497529 ], [ -97.11984360756972, 19.561452785741135 ], [ -97.119749056039566, 19.561388567321224 ], [ -97.119521106189012, 19.561322958852468 ], [ -97.11935922718925, 19.561312238621024 ], [ -97.119139444143997, 19.561364148038489 ], [ -97.119043426178152, 19.561426380550973 ], [ -97.118783328536765, 19.561667569127984 ], [ -97.118687310260881, 19.561729801422544 ], [ -97.118524487759615, 19.561800370491131 ], [ -97.118324389710793, 19.561798284145308 ], [ -97.118172667826343, 19.561733468796806 ], [ -97.118049950792042, 19.561632822525869 ], [ -97.117843469707807, 19.561359669466317 ], [ -97.11766630851956, 19.561023588792544 ], [ -97.117492817869035, 19.560371380061511 ], [ -97.11730560565951, 19.560080360889323 ], [ -97.117089599290438, 19.559807107791269 ], [ -97.116628374360559, 19.559314496023305 ], [ -97.115962671231699, 19.558377116354855 ], [ -97.115359684695079, 19.557783655522055 ], [ -97.115096358388655, 19.557482806386997 ], [ -97.114927685064416, 19.557237145382253 ], [ -97.114862667402591, 19.55709193332428 ], [ -97.114809067678962, 19.556784240873931 ], [ -97.1148255243927, 19.556188214082987 ], [ -97.114741450919013, 19.556042802983569 ], [ -97.114423978034921, 19.556301452913463 ], [ -97.114117292507217, 19.556451815188606 ], [ -97.114087552876484, 19.556550870875213 ], [ -97.114105138908556, 19.55667752096122 ], [ -97.114084822355238, 19.556785708406711 ], [ -97.113950377833191, 19.556874636714806 ], [ -97.113787978890443, 19.556909072933255 ], [ -97.11346433645484, 19.556878590612442 ], [ -97.113303093157967, 19.556813672091547 ], [ -97.112953073370747, 19.556593213740502 ], [ -97.112829522789553, 19.556564822108058 ], [ -97.112705446777667, 19.556581591422241 ], [ -97.112313111164255, 19.556722021582662 ], [ -97.112113125226571, 19.556710896670264 ], [ -97.112028948941429, 19.556574516696902 ], [ -97.11204015920643, 19.556430101123002 ], [ -97.112127489271558, 19.556295515005111 ], [ -97.112300361973311, 19.556179890068787 ], [ -97.112358581794609, 19.556090165891103 ], [ -97.112265087699328, 19.555935621978769 ], [ -97.112151696609871, 19.555853136356653 ], [ -97.111885435667162, 19.555805184897398 ], [ -97.111733722247394, 19.555740364772799 ], [ -97.111591852498691, 19.555648547609071 ], [ -97.111498674858353, 19.555466906773191 ], [ -97.111452401588437, 19.555348989741454 ], [ -97.111407600625469, 19.555104621898661 ], [ -97.111381855828938, 19.554860453425832 ], [ -97.111516404961804, 19.554762494790275 ], [ -97.112221479137531, 19.554769869738411 ], [ -97.11228838557804, 19.554752502815749 ], [ -97.112433092757556, 19.554600449844344 ], [ -97.112491416957369, 19.554501693348993 ], [ -97.112502311213703, 19.554384374288976 ], [ -97.112390917905969, 19.554130276962191 ], [ -97.112355748753842, 19.553876976656646 ], [ -97.112395121845893, 19.553768988697303 ], [ -97.112472396565806, 19.55367946363911 ], [ -97.11265426864351, 19.55360909874425 ], [ -97.112778237278633, 19.553601361479615 ], [ -97.112882414492177, 19.553656650391886 ], [ -97.113070032226602, 19.553911544232133 ], [ -97.113221114325199, 19.55403055641267 ], [ -97.113364349371139, 19.554004953519026 ], [ -97.113441833798575, 19.553897363588533 ], [ -97.113549477556262, 19.55365458912835 ], [ -97.113560265908063, 19.553546302138546 ], [ -97.113419132065175, 19.553391260976429 ], [ -97.113116233500463, 19.553216462374909 ], [ -97.112728845111747, 19.552932380354946 ], [ -97.112509807904559, 19.55292105704963 ], [ -97.112356835645016, 19.55296462412451 ], [ -97.112212970830058, 19.55304441952379 ], [ -97.111943455717025, 19.553276466881755 ], [ -97.11176116326277, 19.553382959883741 ], [ -97.111598767604207, 19.553417394396554 ], [ -97.111503803554456, 19.553389301072659 ], [ -97.111363408010249, 19.553171033060547 ], [ -97.11128939280151, 19.552980559365466 ], [ -97.111275174043357, 19.552564878708342 ], [ -97.111325021665763, 19.552375700859418 ], [ -97.11129801525702, 19.552239918783485 ], [ -97.111242320122258, 19.552112869865717 ], [ -97.111119824873938, 19.551994155338882 ], [ -97.111006016348952, 19.551947798046722 ], [ -97.110834409719502, 19.551955035687975 ], [ -97.110490565302456, 19.552023703668642 ], [ -97.110271319314322, 19.552030442155399 ], [ -97.109892519933453, 19.551827744156 ], [ -97.109843091820267, 19.551980792713458 ], [ -97.10974612952073, 19.552124310256207 ], [ -97.109544676212067, 19.552239633689499 ], [ -97.109363436211723, 19.552255802320797 ], [ -97.109050174611568, 19.552153155162078 ], [ -97.108935419168276, 19.552188086318317 ], [ -97.108579097471491, 19.552509552018794 ], [ -97.10834884866496, 19.552642638900771 ], [ -97.108118915485932, 19.552748628899405 ], [ -97.10792846303238, 19.552737599625388 ], [ -97.107710691183641, 19.552617884340989 ], [ -97.107625888465819, 19.552535695839968 ], [ -97.107589041254357, 19.552426910142756 ], [ -97.107631366877598, 19.552066022305631 ], [ -97.10757535870323, 19.551966069048746 ], [ -97.107471711418853, 19.55186561638903 ], [ -97.107130079328883, 19.551744602053642 ], [ -97.10702622170524, 19.551662213532371 ], [ -97.10695126379666, 19.551553028136141 ], [ -97.106924050408296, 19.551435310072016 ], [ -97.10691578726275, 19.551326823999325 ], [ -97.106974429447362, 19.551200972892712 ], [ -97.10737712547504, 19.550988395946803 ], [ -97.107482984632512, 19.550899172756697 ], [ -97.107550943280742, 19.550791485649189 ], [ -97.1075622619786, 19.550638038380921 ], [ -97.107468880700111, 19.55047446035427 ], [ -97.107326701929608, 19.550409736923367 ], [ -97.107098246725812, 19.550389275298603 ], [ -97.106640809581748, 19.550393512096541 ], [ -97.106230484125817, 19.550443408316248 ], [ -97.106087673393858, 19.550432877015854 ], [ -97.105754940552657, 19.550366153395796 ], [ -97.105394363111046, 19.550235904027446 ], [ -97.10512906348977, 19.550106653952788 ], [ -97.104902191633442, 19.549950707033705 ], [ -97.104657214371869, 19.549713270296241 ], [ -97.104516409218348, 19.549531126587407 ], [ -97.104329443304934, 19.549222032267096 ], [ -97.10424464406465, 19.549139842439509 ], [ -97.103903442673541, 19.548982693972686 ], [ -97.103306764419372, 19.547856301124945 ], [ -97.103270765517323, 19.547675257502963 ], [ -97.103357885948441, 19.547558740052413 ], [ -97.103408162762506, 19.547333436270069 ], [ -97.103393752297507, 19.546935820809107 ], [ -97.103366753122657, 19.546800038099537 ], [ -97.103320382286498, 19.546691151742749 ], [ -97.103245217873393, 19.546600029483447 ], [ -97.102981404033699, 19.54634432653269 ], [ -97.102906239966828, 19.546253204158347 ], [ -97.102749763442375, 19.545781829982104 ], [ -97.102384106838286, 19.545272124652531 ], [ -97.102281523037036, 19.545081347942912 ], [ -97.102065138812961, 19.544844208856262 ], [ -97.10192455173032, 19.544643999308054 ], [ -97.101729652943362, 19.544199320478402 ], [ -97.101592130367905, 19.543737178093746 ], [ -97.101556767741727, 19.543501941327328 ], [ -97.101568936035463, 19.543276237465676 ], [ -97.1016775390584, 19.542952181261551 ], [ -97.101824145018057, 19.542637557638791 ], [ -97.101940795666394, 19.542440051593623 ], [ -97.102307899639996, 19.542010312028445 ], [ -97.10254045944852, 19.541678524180305 ], [ -97.102764652244645, 19.541247282008474 ], [ -97.102902360464711, 19.540878364054741 ], [ -97.103601294047152, 19.539774610112659 ], [ -97.10378547385568, 19.539505545205344 ], [ -97.104025655212183, 19.539336434006589 ], [ -97.104112664624921, 19.539228947847679 ], [ -97.104201150465556, 19.538995011135476 ], [ -97.104270792851281, 19.538742810027539 ], [ -97.104272163849757, 19.538625391695948 ], [ -97.104217743659689, 19.538389955128078 ], [ -97.104046468144148, 19.538370090962886 ], [ -97.103702440404859, 19.538456812628691 ], [ -97.103472947732541, 19.538526669591302 ], [ -97.103098860977525, 19.538739540401917 ], [ -97.10271672392463, 19.538825859890217 ], [ -97.102583345323509, 19.538824458915514 ], [ -97.102289801758189, 19.538667809536282 ], [ -97.102157056792848, 19.538612215247628 ], [ -97.101823610858915, 19.538608711630452 ], [ -97.101566698021557, 19.538578911924422 ], [ -97.101481377285097, 19.538541882115027 ], [ -97.101368848618577, 19.538387133727323 ], [ -97.101370116067883, 19.538278747753523 ], [ -97.101419018496372, 19.538170862441355 ], [ -97.10149650183007, 19.538063277491766 ], [ -97.101611881791229, 19.537974157315237 ], [ -97.101746104399041, 19.537903301613856 ], [ -97.102003966481448, 19.537851811465625 ], [ -97.102593689543042, 19.537939306174884 ], [ -97.103136939145841, 19.537926944901127 ], [ -97.103414277010572, 19.537839524080205 ], [ -97.103501391404279, 19.537723005989445 ], [ -97.103435546541874, 19.537650048434287 ], [ -97.102693392294725, 19.537560955608633 ], [ -97.102331367514267, 19.537557152923611 ], [ -97.102179147195656, 19.537537487237341 ], [ -97.101894710903878, 19.537417066182872 ], [ -97.101753390473746, 19.537280082076535 ], [ -97.102012940796456, 19.537084077127126 ], [ -97.102216067898198, 19.536824246066054 ], [ -97.102340656808778, 19.536762321900536 ], [ -97.102521879398381, 19.536746158906098 ], [ -97.102796893722129, 19.536857446695759 ], [ -97.102901900991057, 19.536840482891751 ], [ -97.103240196824075, 19.536428504120682 ], [ -97.103357368154533, 19.536185835628356 ], [ -97.103148726125525, 19.536102345496861 ], [ -97.102777494204631, 19.536071347424674 ], [ -97.102617120284165, 19.535934163912529 ], [ -97.102608859861647, 19.535825677774081 ], [ -97.102704972785745, 19.535754420927578 ], [ -97.102828505437373, 19.535782818080634 ], [ -97.103293000927934, 19.535986427590725 ], [ -97.103407428985804, 19.535978595638682 ], [ -97.103464906739191, 19.535952099190414 ], [ -97.10354270405746, 19.535817416599865 ], [ -97.103249375590821, 19.535642704755489 ], [ -97.10303279012318, 19.535423631883909 ], [ -97.10300579227335, 19.535287849143081 ], [ -97.103209759364503, 19.534955759174814 ], [ -97.10322044665979, 19.534856505241944 ], [ -97.102652109345684, 19.534570505716076 ], [ -97.10239657460572, 19.534423289441694 ], [ -97.102331048109761, 19.534323235091634 ], [ -97.102284680778794, 19.534214348683857 ], [ -97.102267527071959, 19.534051569429703 ], [ -97.102307322807647, 19.533907454911326 ], [ -97.102432225952356, 19.533818433949648 ], [ -97.102536809125652, 19.533837598891221 ], [ -97.102707024386319, 19.533947785840869 ], [ -97.103074031401036, 19.534340070760333 ], [ -97.103262668190339, 19.534504650374608 ], [ -97.103376356787962, 19.534560043604554 ], [ -97.103728215503338, 19.534617936729099 ], [ -97.103832483019076, 19.534664197517493 ], [ -97.104229340225814, 19.534948394196274 ], [ -97.104334978783925, 19.5348772363389 ], [ -97.104279504875166, 19.534732121629236 ], [ -97.104347563199468, 19.534615402973554 ], [ -97.104452041779624, 19.53464359905028 ], [ -97.104660050312788, 19.534781280699473 ], [ -97.104764845302, 19.534782380051045 ], [ -97.105051703804605, 19.53469505610007 ], [ -97.105346824309393, 19.534716217841996 ], [ -97.105461251488194, 19.534708384503613 ], [ -97.105443146210135, 19.53462689499468 ], [ -97.105339405061173, 19.534535474154517 ], [ -97.104676429080115, 19.534194288575989 ], [ -97.104365313595437, 19.533910992562589 ], [ -97.104347525215829, 19.533802406436561 ], [ -97.104481532356871, 19.533749612651967 ], [ -97.104633749625449, 19.533769276130755 ], [ -97.10490855004673, 19.533898624812043 ], [ -97.105107979832965, 19.533954916286124 ], [ -97.105147351535308, 19.533846929682166 ], [ -97.105053664731031, 19.533710447696578 ], [ -97.104685178134005, 19.533444617108685 ], [ -97.104515383518688, 19.533298303205836 ], [ -97.104449750614734, 19.533207281727492 ], [ -97.104375750716073, 19.533016806239537 ], [ -97.104064005239806, 19.532787703011046 ], [ -97.104008004916267, 19.532687749186469 ], [ -97.104075851558861, 19.532589094921686 ], [ -97.104181383113499, 19.532526969198656 ], [ -97.104324388773264, 19.532519436326069 ], [ -97.104504341621549, 19.532611657159993 ], [ -97.104797244863533, 19.532822495427158 ], [ -97.105005462310999, 19.532942112155901 ], [ -97.105385161032999, 19.533063526899117 ], [ -97.105528167200617, 19.533055993108565 ], [ -97.105509956636041, 19.53298353579628 ], [ -97.105416269940065, 19.532847054002723 ], [ -97.105227632527161, 19.532682476588228 ], [ -97.105248793353269, 19.53250203258353 ], [ -97.105356747837945, 19.532232165730633 ], [ -97.105320010900897, 19.532114347660858 ], [ -97.105226008699077, 19.532004962384693 ], [ -97.105170218595447, 19.531886944493348 ], [ -97.105171588423858, 19.531769526011512 ], [ -97.105221855832013, 19.531544220732087 ], [ -97.105337650440646, 19.531418968786074 ], [ -97.105481181909241, 19.531366273945814 ], [ -97.105949039669369, 19.531280845693818 ], [ -97.106147940219714, 19.531382296777895 ], [ -97.106344629635529, 19.531673423806151 ], [ -97.106486686920519, 19.531747178929777 ], [ -97.106679746790149, 19.531532402706492 ], [ -97.106766223496408, 19.531470075681856 ], [ -97.106956545654981, 19.531490136313938 ], [ -97.107292398744278, 19.531285888582104 ], [ -97.107406507777938, 19.531305150407551 ], [ -97.107528985861109, 19.531423866179811 ], [ -97.107526670611193, 19.531622574658002 ], [ -97.107455563823763, 19.53200122872747 ], [ -97.107355981805114, 19.532370551156593 ], [ -97.107190028074172, 19.532712078286039 ], [ -97.107090550150247, 19.533072368254658 ], [ -97.107049495533161, 19.533324870604485 ], [ -97.107067075171784, 19.533451521014999 ], [ -97.107052284546285, 19.533903031151201 ], [ -97.107069758929043, 19.534038713757905 ], [ -97.107116024268706, 19.534156631402464 ], [ -97.107181764366075, 19.534238619860965 ], [ -97.107276506016177, 19.534284778915659 ], [ -97.107486095679036, 19.53428697447012 ], [ -97.107610680879503, 19.534225046320394 ], [ -97.107678420942648, 19.534135422789834 ], [ -97.107747634299244, 19.53391934839528 ], [ -97.10776084444133, 19.533603321082971 ], [ -97.107692312835326, 19.532943172076166 ], [ -97.107705733298403, 19.532609080331177 ], [ -97.107795577594899, 19.532257722306621 ], [ -97.108000477934596, 19.53184433583251 ], [ -97.108134587670463, 19.531782506885069 ], [ -97.108619395621105, 19.531877915366987 ], [ -97.108914617209308, 19.531890038683777 ], [ -97.109201889424298, 19.53176657865157 ], [ -97.109420371929161, 19.531823064659878 ], [ -97.109515848888833, 19.531805996991395 ], [ -97.109592692996756, 19.531752601077162 ], [ -97.109681901939553, 19.531455434990935 ], [ -97.109894431213846, 19.531204725399839 ], [ -97.109828375415319, 19.531149834539153 ], [ -97.10986784832464, 19.531032814338385 ], [ -97.10993569082521, 19.530934157498997 ], [ -97.110127694510552, 19.530809699287371 ], [ -97.110425961615292, 19.530559885619894 ], [ -97.11067722520994, 19.530255380031221 ], [ -97.110916755399884, 19.530140451093033 ], [ -97.111274279892825, 19.52971058884042 ], [ -97.111361489105178, 19.529585033796746 ], [ -97.11141059200861, 19.529459080454114 ], [ -97.111394794263518, 19.529178882323752 ], [ -97.111339000278093, 19.529060866009466 ], [ -97.111216310753534, 19.528960217158954 ], [ -97.111112989464758, 19.528832670712202 ], [ -97.110991875696371, 19.528596538363789 ], [ -97.110837698042999, 19.527926460850185 ], [ -97.110763902309543, 19.527717923000807 ], [ -97.110586471579865, 19.527408935148067 ], [ -97.110522307803805, 19.527191464605838 ], [ -97.110456988629451, 19.527073348507415 ], [ -97.11015729216092, 19.526627582156699 ], [ -97.109940182121193, 19.526453678696509 ], [ -97.109826496318874, 19.526398289839484 ], [ -97.109712390250706, 19.526379029797607 ], [ -97.10913149311591, 19.526354886611454 ], [ -97.108634966502763, 19.526449057615544 ], [ -97.108511229108061, 19.526438729343905 ], [ -97.108407070231962, 19.526383439334332 ], [ -97.108181067257917, 19.526155240960264 ], [ -97.108097013090557, 19.526009828104915 ], [ -97.108165064563693, 19.525893107368422 ], [ -97.108308905757241, 19.525813313125209 ], [ -97.108424378204987, 19.525715155225729 ], [ -97.108474848827925, 19.525471783935018 ], [ -97.108811317900063, 19.525213338751044 ], [ -97.108917578711569, 19.52508798413967 ], [ -97.108928366460177, 19.524979697203083 ], [ -97.108872575497301, 19.524861680345612 ], [ -97.108497308155137, 19.524360921162813 ], [ -97.107913202970437, 19.523794742181156 ], [ -97.107261892745328, 19.523273024432218 ], [ -97.107272681355582, 19.523164737656103 ], [ -97.107572725431964, 19.522761380085264 ], [ -97.107784193382329, 19.522600994207838 ], [ -97.107985503849051, 19.522494701627227 ], [ -97.108100237849527, 19.522459769228945 ], [ -97.108472176856637, 19.522427528360637 ], [ -97.10906248071943, 19.522460804366521 ], [ -97.109329527329791, 19.522436497744369 ], [ -97.1095970992492, 19.522367029602979 ], [ -97.109760303968372, 19.52226033642545 ], [ -97.10979003794759, 19.522161280792616 ], [ -97.109616606732246, 19.521509067942709 ], [ -97.109570237200003, 19.521400183157088 ], [ -97.109318182484557, 19.520954914308717 ], [ -97.109080594169029, 19.520085230370036 ], [ -97.109064169360778, 19.519859225513333 ], [ -97.109094008261593, 19.519751137745637 ], [ -97.109191684640791, 19.519544392931081 ], [ -97.109291041861212, 19.519193132438481 ], [ -97.109397192895557, 19.519076809331505 ], [ -97.109550553145453, 19.518997113104152 ], [ -97.109923429438609, 19.518883578493163 ], [ -97.11030499110224, 19.518842400482136 ], [ -97.110952438451207, 19.51887626666927 ], [ -97.111076485343133, 19.518859496103961 ], [ -97.111258422432186, 19.518780096918796 ], [ -97.111278943642859, 19.518653844649897 ], [ -97.111232468636729, 19.518553992469325 ], [ -97.111243254015619, 19.518445705155141 ], [ -97.111324813650924, 19.517985857203715 ], [ -97.1114501191377, 19.517860699469303 ], [ -97.11167947435483, 19.517799861728683 ], [ -97.111814095448395, 19.5176928676741 ], [ -97.111672991399388, 19.517537827304977 ], [ -97.111492525040973, 19.517490775715842 ], [ -97.111417472659809, 19.517390625089231 ], [ -97.111323053876475, 19.517317372137811 ], [ -97.111020326572444, 19.517133542928587 ], [ -97.110792861671285, 19.517031799664561 ], [ -97.110727650665865, 19.516904651628764 ], [ -97.110665694064792, 19.516497504296652 ], [ -97.110662466821935, 19.515955470646475 ], [ -97.110644779997699, 19.515837852513833 ], [ -97.110588885284201, 19.515728868467313 ], [ -97.110438783221696, 19.515528566631392 ], [ -97.110005325450032, 19.515117536559064 ], [ -97.109949641402721, 19.514990487897684 ], [ -97.109999579934112, 19.514792276604528 ], [ -97.10998157863132, 19.514701755143104 ], [ -97.110013410698045, 19.514422054598249 ], [ -97.109910518628368, 19.514258379188558 ], [ -97.109672482588408, 19.514246857634049 ], [ -97.109416340628627, 19.514153846507806 ], [ -97.109180615828436, 19.51394361526588 ], [ -97.109114251629592, 19.513915821340632 ], [ -97.108851631733813, 19.513560775250561 ], [ -97.108805474630771, 19.513433825954266 ], [ -97.108800361629463, 19.513054372738598 ], [ -97.108812828848855, 19.512801569950323 ], [ -97.108900239664607, 19.51265795081407 ], [ -97.108910815725537, 19.512567728129298 ], [ -97.10832033753141, 19.512552519057053 ], [ -97.107719282920726, 19.512627530626176 ], [ -97.10753871826843, 19.512589507838943 ], [ -97.107368730612833, 19.5124612623537 ], [ -97.107284262591151, 19.512351978452102 ], [ -97.107153639184858, 19.512115744922923 ], [ -97.107081746292465, 19.511744626245477 ], [ -97.106998540626293, 19.511526955600768 ], [ -97.106783240754737, 19.511199502305114 ], [ -97.106755926368834, 19.511090816515861 ], [ -97.106787131693579, 19.51086531016119 ], [ -97.106924483414204, 19.510523481710685 ], [ -97.107060677954067, 19.510281007541128 ], [ -97.107195505344166, 19.510155952130233 ], [ -97.107634514111822, 19.510088279514118 ], [ -97.107882069081697, 19.51009990288923 ], [ -97.108129308876627, 19.510138622612519 ], [ -97.109174266719265, 19.510393450311692 ], [ -97.10992530474438, 19.510527767400966 ], [ -97.110542043633146, 19.510741978461038 ], [ -97.110912801353635, 19.510809084904956 ], [ -97.111170093349159, 19.510802738898011 ], [ -97.111494902680477, 19.510724830839436 ], [ -97.111687299539824, 19.510564239627545 ], [ -97.111792708623085, 19.510511140121618 ], [ -97.112317026982936, 19.510480480072118 ], [ -97.1125749476018, 19.51041993851177 ], [ -97.112814655771842, 19.510286939760046 ], [ -97.113189815441942, 19.509974686850089 ], [ -97.113410366900766, 19.509850520715077 ], [ -97.113534406718387, 19.509833747850283 ], [ -97.1137914878815, 19.509845462488929 ], [ -97.11391552768022, 19.509828689358908 ], [ -97.114193335598998, 19.509696085936064 ], [ -97.114242009981808, 19.509606259919131 ], [ -97.114282834678548, 19.509371818396811 ], [ -97.114350873843321, 19.509255094174403 ], [ -97.114543894597915, 19.509040305941173 ], [ -97.114649720715136, 19.508951075547408 ], [ -97.114879585717915, 19.508845071216715 ], [ -97.115310006142195, 19.508695989707022 ], [ -97.115415517636606, 19.508633855610373 ], [ -97.11565668620247, 19.508374400886126 ], [ -97.115752672036223, 19.508312167327023 ], [ -97.116316967963385, 19.508119311024981 ], [ -97.116537200933507, 19.508022237463337 ], [ -97.116681231182554, 19.507924370192725 ], [ -97.116942702238518, 19.507556724514743 ], [ -97.117260487231889, 19.507261931454572 ], [ -97.117451933636204, 19.507182623747688 ], [ -97.118157012808382, 19.507171893801729 ], [ -97.118404983417733, 19.507147373322734 ], [ -97.118529438891812, 19.507094467669361 ], [ -97.118846906885807, 19.506826768352568 ], [ -97.119373407029428, 19.506606408634219 ], [ -97.119469390516059, 19.506544172884713 ], [ -97.119546532301158, 19.50646367445308 ], [ -97.11957646552618, 19.506346551725244 ], [ -97.119550813697003, 19.506093350502372 ], [ -97.119590167617119, 19.505985359072064 ], [ -97.119724773540085, 19.505878357743107 ], [ -97.1199156952853, 19.50584420864843 ], [ -97.120298164867364, 19.505721716058414 ], [ -97.120365885026047, 19.505632085929406 ], [ -97.12013748912662, 19.505611645816678 ], [ -97.119766633091388, 19.505553591221137 ], [ -97.119651913186431, 19.505588532292986 ], [ -97.119468950527903, 19.505758264526722 ], [ -97.119210099157399, 19.50590010739505 ], [ -97.119066907744795, 19.505925718663278 ], [ -97.118933763785449, 19.505906267422418 ], [ -97.118819983657772, 19.505859917336206 ], [ -97.118630942277136, 19.505731484083942 ], [ -97.118508368531991, 19.505621808744834 ], [ -97.118405054274831, 19.5054942669172 ], [ -97.118322462300469, 19.505222406626935 ], [ -97.118298275257132, 19.504842753365054 ], [ -97.1182713716276, 19.504697939544343 ], [ -97.118157906017288, 19.50462449226373 ], [ -97.11805292065705, 19.504641466864808 ], [ -97.117880527851653, 19.504720973705009 ], [ -97.117555732781184, 19.504798894542891 ], [ -97.117259199222246, 19.504904209017653 ], [ -97.117020652617896, 19.50493785962804 ], [ -97.116410939411523, 19.504940545483837 ], [ -97.115821322868129, 19.504853104968426 ], [ -97.115650707686626, 19.504779060935274 ], [ -97.115538080460396, 19.504633353927158 ], [ -97.115418021183814, 19.504306902198046 ], [ -97.115268235986164, 19.504079507703274 ], [ -97.11502225861291, 19.503932411105467 ], [ -97.114557414788777, 19.503764966575407 ], [ -97.11414187256338, 19.503453501136256 ], [ -97.114028200447578, 19.503398116014019 ], [ -97.1138193828818, 19.503332705511742 ], [ -97.113467480722719, 19.503283869479354 ], [ -97.113172100365944, 19.503289822401928 ], [ -97.112666436135669, 19.503356814677435 ], [ -97.112267223838174, 19.503280382717136 ], [ -97.112143293852029, 19.503288122874903 ], [ -97.111942220296314, 19.503376358007717 ], [ -97.111646106022746, 19.503445534191698 ], [ -97.111540806548774, 19.503489601777691 ], [ -97.111166289404935, 19.503747658961441 ], [ -97.110955584902712, 19.503844825700302 ], [ -97.110431288173871, 19.503875483590281 ], [ -97.110174636821256, 19.503827635995208 ], [ -97.110023495549655, 19.503717656972285 ], [ -97.109948449701832, 19.503617506199255 ], [ -97.109892663860194, 19.503499489944897 ], [ -97.109838662176031, 19.503227925534603 ], [ -97.109792506461829, 19.503100976534469 ], [ -97.109707621176739, 19.503027822903054 ], [ -97.109584111259522, 19.502999432341749 ], [ -97.109298361823321, 19.502996446254283 ], [ -97.109146487058112, 19.502949692287604 ], [ -97.109061707151255, 19.502867506142426 ], [ -97.108921037457648, 19.502676335722498 ], [ -97.108646808809326, 19.502501835685447 ], [ -97.108600339178935, 19.50240198318123 ], [ -97.108625269442896, 19.501896376975143 ], [ -97.10854290552264, 19.501606449156977 ], [ -97.108365293080297, 19.501315525495837 ], [ -97.10827109452697, 19.501224207248111 ], [ -97.108034758343237, 19.501068169342723 ], [ -97.107950190014009, 19.500967918316878 ], [ -97.10793240076093, 19.500859332272032 ], [ -97.107943186049141, 19.500751045040666 ], [ -97.108032900782717, 19.500408716449339 ], [ -97.108024741344749, 19.50029119776746 ], [ -97.107942379067026, 19.500001269784956 ], [ -97.107811657874123, 19.499774069414979 ], [ -97.107804653997349, 19.499557196126094 ], [ -97.107834488731996, 19.499449108095341 ], [ -97.107939681261939, 19.49941407475189 ], [ -97.108092077480421, 19.499415668251331 ], [ -97.108215479364475, 19.499453091831974 ], [ -97.108565585897693, 19.499655485373999 ], [ -97.108688988097597, 19.499692908654964 ], [ -97.108784760853837, 19.499648743016898 ], [ -97.108795860369241, 19.499513358940501 ], [ -97.108777755665585, 19.499431869654632 ], [ -97.108780275225271, 19.499215095841397 ], [ -97.108842462629767, 19.498782145490473 ], [ -97.108834302575318, 19.49866462678267 ], [ -97.108778204007095, 19.498573707062764 ], [ -97.108183922343528, 19.498070661246977 ], [ -97.10795816541841, 19.497824400763392 ], [ -97.107789242017788, 19.497605834353735 ], [ -97.107677887042186, 19.497351736484561 ], [ -97.10768082789501, 19.497098833805349 ], [ -97.107739235967173, 19.496991044527654 ], [ -97.107835532374935, 19.496901718070262 ], [ -97.108286549186019, 19.496617366539578 ], [ -97.108824335381669, 19.496243587134238 ], [ -97.108958309264906, 19.496190787106809 ], [ -97.109387545010534, 19.496141071883951 ], [ -97.109654338178544, 19.496134825592065 ], [ -97.110015852711456, 19.496174734912998 ], [ -97.110386577454577, 19.496241839740598 ], [ -97.110994369101064, 19.496401752100983 ], [ -97.111641937486638, 19.496417543916497 ], [ -97.112373132412884, 19.496614872867873 ], [ -97.112763118314248, 19.496664107156306 ], [ -97.114192127297471, 19.496651904275009 ], [ -97.114554482090682, 19.49661954651182 ], [ -97.114783701170225, 19.496567734373837 ], [ -97.11535768973809, 19.496356912187686 ], [ -97.116104792961224, 19.496003356333006 ], [ -97.116537895235268, 19.495619429332866 ], [ -97.117390285504541, 19.495221796535418 ], [ -97.117591868513927, 19.495088392719161 ], [ -97.118131405919186, 19.494561034348642 ], [ -97.118419752469521, 19.494338197822024 ], [ -97.118630336068463, 19.494250053187869 ], [ -97.119021050201169, 19.494236047576301 ], [ -97.119165692408984, 19.494083983234283 ], [ -97.119386843471077, 19.493905613608412 ], [ -97.119445451508852, 19.493779755163953 ], [ -97.119221873311218, 19.493343829346532 ], [ -97.11920418115831, 19.49322621146219 ], [ -97.119320248858017, 19.493073849967097 ], [ -97.119302452283449, 19.492965264389099 ], [ -97.119131847182487, 19.49289122445596 ], [ -97.119018702004226, 19.492790681372714 ], [ -97.118991381217072, 19.492681996798147 ], [ -97.118984674946091, 19.492438025654803 ], [ -97.118862423273725, 19.492301254313091 ], [ -97.118254531969669, 19.492150401255937 ], [ -97.117744079068089, 19.491810858506245 ], [ -97.11757441601938, 19.491655526592925 ], [ -97.117480843662889, 19.491510019313047 ], [ -97.117463675129287, 19.491347239880373 ], [ -97.117639291040405, 19.490987730966143 ], [ -97.117678850484211, 19.490861674988629 ], [ -97.117623584532254, 19.490698499374005 ], [ -97.117557958830304, 19.490607483075365 ], [ -97.117349886596486, 19.49047885174334 ], [ -97.117274736847705, 19.49038773630107 ], [ -97.117257046243409, 19.490270118334539 ], [ -97.117298172580504, 19.490008578002744 ], [ -97.117347360682089, 19.489873588849257 ], [ -97.117434019014283, 19.48979318966288 ], [ -97.117529679306827, 19.489758050960432 ], [ -97.117654434478112, 19.489678047833443 ], [ -97.117674213996608, 19.489615019822484 ], [ -97.117637370226149, 19.489506236089362 ], [ -97.117515643940635, 19.489324302584485 ], [ -97.11734932579148, 19.488879937140375 ], [ -97.117264756954967, 19.488779690392402 ], [ -97.117057000568835, 19.488623962024974 ], [ -97.116991480395541, 19.488523913301179 ], [ -97.117012304598632, 19.488370562404196 ], [ -97.117089855875037, 19.48825393506452 ], [ -97.117186246443651, 19.488155570388727 ], [ -97.117311000460234, 19.488075567396745 ], [ -97.117578616577902, 19.487997049887142 ], [ -97.118524221298742, 19.487772011970886 ], [ -97.118859862057676, 19.487576765364558 ], [ -97.118956251204693, 19.487478399616062 ], [ -97.119033696337198, 19.487370803588199 ], [ -97.119181566178924, 19.486938737048025 ], [ -97.119423841315765, 19.486579918116533 ], [ -97.119386475247609, 19.486516296216646 ], [ -97.119101587797445, 19.486441069543158 ], [ -97.118686181436331, 19.486120584640442 ], [ -97.11801352373044, 19.485806458361605 ], [ -97.117710947585479, 19.485613611712846 ], [ -97.117635904024752, 19.485513464242761 ], [ -97.117589536957908, 19.485404581513457 ], [ -97.117574456623643, 19.485061155987108 ], [ -97.117518565729995, 19.484952174228209 ], [ -97.117433894181218, 19.484860959981617 ], [ -97.117339594345225, 19.484778678972383 ], [ -97.117112481432784, 19.484649849862429 ], [ -97.116656794321116, 19.484518643046428 ], [ -97.116429786842929, 19.484380780854444 ], [ -97.116326172845234, 19.484280335707812 ], [ -97.116140187226492, 19.483889965234926 ], [ -97.116084088691281, 19.483799047725331 ], [ -97.115989581186454, 19.483734830702716 ], [ -97.115648184303623, 19.483604810751501 ], [ -97.115534106767228, 19.483585556749606 ], [ -97.115276648459215, 19.483609977179135 ], [ -97.115152942570575, 19.483599656096892 ], [ -97.114754821798442, 19.483432910529267 ], [ -97.11452792215178, 19.483286013908586 ], [ -97.11432027978195, 19.483121250826471 ], [ -97.114245134861378, 19.483030134481417 ], [ -97.114171663414695, 19.482794501522982 ], [ -97.114001385117646, 19.482693360900324 ], [ -97.113877784684306, 19.48267400672469 ], [ -97.113476319683102, 19.482796291702147 ], [ -97.11338097683786, 19.482804331707772 ], [ -97.113257794982715, 19.482748847979252 ], [ -97.112734927630186, 19.481840061969599 ], [ -97.112688878764345, 19.481704081463768 ], [ -97.112663761382777, 19.481405718430757 ], [ -97.112505207321306, 19.48111499796946 ], [ -97.112413005676416, 19.480852069159329 ], [ -97.112415413133647, 19.480644326725677 ], [ -97.112454763922017, 19.480536336442537 ], [ -97.112774591958186, 19.480060901062696 ], [ -97.112901015530284, 19.479836384177904 ], [ -97.112931051396316, 19.47971022993142 ], [ -97.112924562232905, 19.479448194469668 ], [ -97.112907084539515, 19.479312511738158 ], [ -97.112658946694992, 19.478533055806469 ], [ -97.112631841046195, 19.478406306098474 ], [ -97.112643038933214, 19.478261888813631 ], [ -97.112806508861567, 19.478128091673582 ], [ -97.113563784945242, 19.477711412324616 ], [ -97.113909559870947, 19.47746207891015 ], [ -97.113986689062585, 19.47738158168411 ], [ -97.114016409785236, 19.477282523991512 ], [ -97.113980929888811, 19.477056320021468 ], [ -97.113982184650041, 19.476947932522005 ], [ -97.114040893939801, 19.476813043152553 ], [ -97.114127127989846, 19.476768774166157 ], [ -97.114298759603699, 19.476752494406146 ], [ -97.114451030644275, 19.476763113075915 ], [ -97.114593255599004, 19.476818793957648 ], [ -97.114697282206578, 19.476883110506318 ], [ -97.115300202287145, 19.477458488736314 ], [ -97.115630704682943, 19.477705829135466 ], [ -97.116189668931284, 19.477964578869219 ], [ -97.116444402957995, 19.478174996258176 ], [ -97.116643458092355, 19.478258366865539 ], [ -97.116805358858173, 19.478260050414892 ], [ -97.117052345422323, 19.478316818813664 ], [ -97.117464260083054, 19.478113332914351 ], [ -97.117569436840412, 19.478078292567048 ], [ -97.1179122853449, 19.47808185577529 ], [ -97.117998310523831, 19.478055649541453 ], [ -97.118389194225315, 19.478023577405583 ], [ -97.118695513106147, 19.477891258617809 ], [ -97.118943542958135, 19.477857701281788 ], [ -97.11906724499778, 19.477868019434997 ], [ -97.119323442805808, 19.477951980615615 ], [ -97.119685130031314, 19.477973802874704 ], [ -97.120121129912647, 19.478158997059964 ], [ -97.120605269886482, 19.478299522800089 ], [ -97.120947911086461, 19.478321144955384 ], [ -97.121805556121288, 19.47828487422823 ], [ -97.121929883627288, 19.478240996476462 ], [ -97.122257017686735, 19.477955319303494 ], [ -97.122505984220595, 19.477840466018026 ], [ -97.122744698275994, 19.477788740002076 ], [ -97.122877924326744, 19.47779915427996 ], [ -97.1231344366781, 19.477856013206829 ], [ -97.123267662834792, 19.477866427204582 ], [ -97.123420768556556, 19.4778047797443 ], [ -97.123517564994131, 19.477670281392147 ], [ -97.123671294628039, 19.477554439646983 ], [ -97.123871601695086, 19.477529414446867 ], [ -97.124382858882782, 19.47779667899129 ], [ -97.12461038525349, 19.477889369367976 ], [ -97.124847643441328, 19.477964093389126 ], [ -97.125189973402101, 19.478012804549113 ], [ -97.125398557327856, 19.478096264472377 ], [ -97.12576904300839, 19.478181399704763 ], [ -97.126044916292742, 19.478211354692192 ], [ -97.126587762883204, 19.478216970781066 ], [ -97.126826061269341, 19.478201368750977 ], [ -97.127226988155329, 19.478124214118687 ], [ -97.127512593084575, 19.478136200641551 ], [ -97.127730806041228, 19.478210724091088 ], [ -97.12805253373935, 19.478394718491117 ], [ -97.129637797914796, 19.478862769145781 ], [ -97.129743076905697, 19.47881868917764 ], [ -97.12980115224984, 19.478737987924067 ], [ -97.129860264461385, 19.478566962921008 ], [ -97.129977244256708, 19.478333301298463 ], [ -97.130026314055655, 19.478207339739974 ], [ -97.129961411181014, 19.478053101047866 ], [ -97.129838744526694, 19.477952466540732 ], [ -97.129439685594988, 19.477867044419259 ], [ -97.129259566574859, 19.47779291648898 ], [ -97.129014753405215, 19.477546484705087 ], [ -97.128583619494407, 19.476936789959218 ], [ -97.128122880364003, 19.4764171228049 ], [ -97.128001357704576, 19.47621713121347 ], [ -97.127742172465005, 19.475564044760688 ], [ -97.127629862909018, 19.475391248525703 ], [ -97.12752603900914, 19.475308874325613 ], [ -97.127175435957739, 19.475151681171592 ], [ -97.126586124553725, 19.475046219252828 ], [ -97.126234796013577, 19.474952250898745 ], [ -97.125049252340034, 19.474515411930739 ], [ -97.124822042048336, 19.47439562539244 ], [ -97.124633237521124, 19.474249135939242 ], [ -97.124473315356951, 19.474075845084194 ], [ -97.124229346913836, 19.473757149013053 ], [ -97.124212483730105, 19.473567272468117 ], [ -97.124291061812372, 19.473360317356896 ], [ -97.124368600015927, 19.47324368568513 ], [ -97.124474604095084, 19.473136382122082 ], [ -97.124790432734571, 19.473004150374212 ], [ -97.125010819991971, 19.47288899705654 ], [ -97.125308536382931, 19.472675275992277 ], [ -97.12536681913511, 19.472576511399751 ], [ -97.125378316636088, 19.472404995197071 ], [ -97.125485358492895, 19.472207367370562 ], [ -97.125686074360615, 19.472146210149432 ], [ -97.126029535194135, 19.472095562806707 ], [ -97.126381480658367, 19.472135336899218 ], [ -97.126647301559927, 19.472210353460813 ], [ -97.126770896490839, 19.472229698402007 ], [ -97.127009808948827, 19.472159901206464 ], [ -97.127546641029554, 19.471858313815716 ], [ -97.127623864884555, 19.471768777581591 ], [ -97.127634322127221, 19.471687584698483 ], [ -97.127541684145598, 19.471460791215481 ], [ -97.127411161078285, 19.471215539224662 ], [ -97.127403713572036, 19.471034793442694 ], [ -97.127491082951806, 19.470891161459427 ], [ -97.127923673575268, 19.470543327887125 ], [ -97.12799199586199, 19.470399498782648 ], [ -97.128012702174701, 19.470255177646106 ], [ -97.127975958233435, 19.470137363216438 ], [ -97.127636652508585, 19.469826719872096 ], [ -97.12735282633875, 19.4696611844819 ], [ -97.127089396324067, 19.469378424807925 ], [ -97.126994787991876, 19.46932324613725 ], [ -97.126852045174473, 19.469312736978502 ], [ -97.126708783316602, 19.46934738953588 ], [ -97.12659388309595, 19.469400402117991 ], [ -97.126373086393855, 19.469551687344353 ], [ -97.126258289773745, 19.469595667328285 ], [ -97.12609660443151, 19.46957592821683 ], [ -97.125973738597736, 19.46949335645408 ], [ -97.125861019167132, 19.469356688960712 ], [ -97.125691369086695, 19.469201365596646 ], [ -97.12553931121694, 19.469172692182305 ], [ -97.125377314776301, 19.469180049546363 ], [ -97.125214902750585, 19.469223536195845 ], [ -97.124813062355457, 19.469381979387197 ], [ -97.124698473380946, 19.469407893647933 ], [ -97.124584404036653, 19.469388646061208 ], [ -97.124470750477485, 19.469333268989502 ], [ -97.12403632678685, 19.469012601388073 ], [ -97.123893896549916, 19.468974992881634 ], [ -97.123751154461644, 19.468964481319766 ], [ -97.123465254405957, 19.468979587259252 ], [ -97.123341142514874, 19.469005402034625 ], [ -97.123015901928468, 19.469128500853557 ], [ -97.122269252014547, 19.469455000741508 ], [ -97.12191575282219, 19.469550704316664 ], [ -97.121639583116192, 19.469547841311218 ], [ -97.121497153150415, 19.469510230928723 ], [ -97.121128147545235, 19.469298635994857 ], [ -97.120938206720723, 19.469251499072634 ], [ -97.120788128686499, 19.469051207369269 ], [ -97.120703358462436, 19.468969027372459 ], [ -97.120439212790941, 19.468749485393115 ], [ -97.120250210368724, 19.468621056822165 ], [ -97.120041432959852, 19.468555656778705 ], [ -97.119802940565833, 19.468589315675953 ], [ -97.119670347596866, 19.46852470579147 ], [ -97.119558676456421, 19.468297711563956 ], [ -97.119523502172797, 19.468044411000708 ], [ -97.11955373839119, 19.467900190230271 ], [ -97.11956878397099, 19.467421575571716 ], [ -97.11961994137792, 19.467114970472394 ], [ -97.119557657046073, 19.466734920789648 ], [ -97.119446195463865, 19.466489861904652 ], [ -97.119154111991861, 19.466215827999228 ], [ -97.119051027783826, 19.466070223402017 ], [ -97.118911936802178, 19.46574357676521 ], [ -97.118875408781776, 19.465607696409712 ], [ -97.118867449330338, 19.465472112624475 ], [ -97.11891610575735, 19.465382283616492 ], [ -97.119059677779944, 19.465320540068248 ], [ -97.119374348036928, 19.465287672406525 ], [ -97.119526400778867, 19.465316350616508 ], [ -97.119659095369215, 19.465371928072713 ], [ -97.120132320960778, 19.465629773596643 ], [ -97.120331571914932, 19.465695074463969 ], [ -97.120598316157015, 19.465688807813926 ], [ -97.12079881685959, 19.465645720129444 ], [ -97.120875520319174, 19.465601348473253 ], [ -97.120943221440015, 19.465511716335875 ], [ -97.121031529762121, 19.46528679655491 ], [ -97.121052761613015, 19.465097314895154 ], [ -97.120935003094999, 19.464572155506477 ], [ -97.120984386838543, 19.464419099432853 ], [ -97.121234477498675, 19.46420489032257 ], [ -97.121302594115306, 19.464079128602641 ], [ -97.121351769171497, 19.463944137065607 ], [ -97.121372479946757, 19.463799817012454 ], [ -97.121377475601676, 19.463366264524876 ], [ -97.121448609715443, 19.462978564715979 ], [ -97.121481964859399, 19.462563372980092 ], [ -97.121440179100077, 19.462057068119858 ], [ -97.121565118228332, 19.461958995444174 ], [ -97.122032144215453, 19.461927701680331 ], [ -97.122508172765919, 19.461941667101183 ], [ -97.122736196499105, 19.46198919629315 ], [ -97.123076620806543, 19.462200491046662 ], [ -97.123466634568302, 19.462240663484039 ], [ -97.12383614818151, 19.462407090942204 ], [ -97.124045439477641, 19.462427324330445 ], [ -97.124188591572349, 19.462401705754921 ], [ -97.124285584898075, 19.46224914124177 ], [ -97.124307227896693, 19.462023529351061 ], [ -97.124301757490883, 19.461671168740065 ], [ -97.124266680127391, 19.461408836066806 ], [ -97.124155421911595, 19.461145714936567 ], [ -97.124119201824058, 19.460982738213747 ], [ -97.124224989523157, 19.460893498730879 ], [ -97.124491622381498, 19.460896258038293 ], [ -97.124616974435085, 19.460762053566068 ], [ -97.124649281819956, 19.460437184077058 ], [ -97.124728578584907, 19.460167001369609 ], [ -97.12487307881301, 19.460023961327142 ], [ -97.125035481504256, 19.459980474187059 ], [ -97.125083821215767, 19.459917740149642 ], [ -97.125087248221135, 19.4596196720534 ], [ -97.125166336070862, 19.459367553772374 ], [ -97.125320461515784, 19.459215579397799 ], [ -97.125808600883403, 19.459003824733482 ], [ -97.125933742744166, 19.458887683855888 ], [ -97.12597287066103, 19.458797753947991 ], [ -97.126117991273361, 19.458600518462287 ], [ -97.126319623691018, 19.458458067671113 ], [ -97.126424682171461, 19.458432053266822 ], [ -97.126672266400774, 19.45843461217968 ], [ -97.126928854446845, 19.458482431041631 ], [ -97.127194550255936, 19.458566477453996 ], [ -97.127317512775704, 19.458640015469641 ], [ -97.127562193688604, 19.458895479840603 ], [ -97.127751192008503, 19.459023900451715 ], [ -97.127949920528366, 19.45913435447461 ], [ -97.128206199181491, 19.45920926879614 ], [ -97.128748879541135, 19.459223905546732 ], [ -97.128872983324342, 19.459198086348255 ], [ -97.12898787543584, 19.459145071604336 ], [ -97.129398794557503, 19.459022844375909 ], [ -97.129599078280506, 19.458997810824354 ], [ -97.129884236012359, 19.45904592042778 ], [ -97.13008275908237, 19.459174437018664 ], [ -97.130487050684337, 19.459630280523751 ], [ -97.130723665241703, 19.459759189376136 ], [ -97.130856463589012, 19.459805726205758 ], [ -97.13116056491053, 19.459863062741491 ], [ -97.131522526446801, 19.459857760989387 ], [ -97.132111478111383, 19.459990299922538 ], [ -97.132339192738584, 19.460064914252062 ], [ -97.132641847229863, 19.460248702054482 ], [ -97.132888711161854, 19.460314479551727 ], [ -97.132899267965655, 19.460224253582201 ], [ -97.132872354853006, 19.46007944079145 ], [ -97.132950707366476, 19.459890544992106 ], [ -97.132942322330877, 19.459791090422598 ], [ -97.132650535400245, 19.459489979983996 ], [ -97.132529017612455, 19.459289991664598 ], [ -97.132455216248488, 19.459081461448825 ], [ -97.132456457483912, 19.458973072583355 ], [ -97.132505725081188, 19.458829044644116 ], [ -97.132516902509806, 19.458684624256065 ], [ -97.132518557397646, 19.458540105757248 ], [ -97.132501270699578, 19.458386358636545 ], [ -97.132426642208742, 19.458250087675435 ], [ -97.132341974164632, 19.458158880607272 ], [ -97.131983947632818, 19.457820952959732 ], [ -97.131796705777845, 19.457538985728895 ], [ -97.131649002848249, 19.457130957295441 ], [ -97.131615362410656, 19.456742171372518 ], [ -97.131559366213764, 19.456642226056363 ], [ -97.131465073580159, 19.456559952927623 ], [ -97.130962457190947, 19.456374102140288 ], [ -97.130858332133357, 19.456318827753311 ], [ -97.1303922537235, 19.456268854191741 ], [ -97.130278399511084, 19.456231546079476 ], [ -97.130164959543507, 19.456158108313968 ], [ -97.130118279698834, 19.456076325647508 ], [ -97.130157818755819, 19.455950264975066 ], [ -97.130284611854336, 19.455689602243751 ], [ -97.130412439802342, 19.455338615398126 ], [ -97.130463157099129, 19.455068134432686 ], [ -97.130455187663287, 19.45493255024796 ], [ -97.130353341304115, 19.454678562878321 ], [ -97.130100692230371, 19.454287518144952 ], [ -97.129933951422487, 19.45387929234915 ], [ -97.129849804676596, 19.453742922392511 ], [ -97.129472955371824, 19.453386729624899 ], [ -97.129407542898619, 19.453277653176745 ], [ -97.129408785758713, 19.453169264431171 ], [ -97.129467058078461, 19.453070497531716 ], [ -97.129611961865535, 19.4528913231476 ], [ -97.129851569148514, 19.452758292819105 ], [ -97.129938200420654, 19.452677885179547 ], [ -97.129987053620852, 19.452569987453867 ], [ -97.130056193406219, 19.452353897327232 ], [ -97.130057435771761, 19.452245508530488 ], [ -97.129965424058867, 19.451964522067698 ], [ -97.130043568000445, 19.451793692121779 ], [ -97.130148932259374, 19.451740577931428 ], [ -97.130443496334337, 19.451797816250252 ], [ -97.130719430404085, 19.45181872815602 ], [ -97.130862468983551, 19.451802135820902 ], [ -97.13093015852364, 19.45171249888827 ], [ -97.130848495418746, 19.451359351675336 ], [ -97.130805645210543, 19.450943370252904 ], [ -97.130705766417051, 19.450517767445469 ], [ -97.130755653156044, 19.45031954533987 ], [ -97.130862671804934, 19.450121912132957 ], [ -97.130988527243773, 19.449942539942604 ], [ -97.131209809195582, 19.449746084177026 ], [ -97.131500950923495, 19.449270310210771 ], [ -97.131597515110556, 19.449153869998725 ], [ -97.131712709376671, 19.449073755575668 ], [ -97.131865164034195, 19.449066292751201 ], [ -97.132264465762987, 19.449124606794992 ], [ -97.132360512426018, 19.449053328196676 ], [ -97.132419194865946, 19.448918430373688 ], [ -97.132496610953694, 19.44881082589179 ], [ -97.132668832832337, 19.448740331571532 ], [ -97.132843121672792, 19.448489188718106 ], [ -97.133062642660917, 19.448446281435313 ], [ -97.133130019490991, 19.448383740692019 ], [ -97.133159721946441, 19.448284678149523 ], [ -97.133086440128139, 19.448030986199438 ], [ -97.133078984993034, 19.447850239779235 ], [ -97.133100095490093, 19.447669787429955 ], [ -97.133167885283726, 19.447571116957921 ], [ -97.13318827231501, 19.447453891527175 ], [ -97.133181437005277, 19.447218950567549 ], [ -97.133121190515965, 19.446658254339816 ], [ -97.133143023973219, 19.446414574995767 ], [ -97.133191976196073, 19.446297643581932 ], [ -97.133356016350504, 19.446109628836862 ], [ -97.133623866016435, 19.446003983622653 ], [ -97.133933313946812, 19.445591627379308 ], [ -97.134106977541506, 19.445394677352166 ], [ -97.13424317329644, 19.445143140746133 ], [ -97.134416216533936, 19.44500038491968 ], [ -97.134587710912612, 19.44499311535791 ], [ -97.134796569629088, 19.445049464343267 ], [ -97.134958232687836, 19.445069193808369 ], [ -97.135110890106588, 19.445043663061846 ], [ -97.13524532962947, 19.444945676916561 ], [ -97.135369834493787, 19.444883722504976 ], [ -97.135646996410472, 19.444796236774852 ], [ -97.135789719111628, 19.44480673729629 ], [ -97.13593182286597, 19.444871432332203 ], [ -97.136083861094249, 19.444900095366584 ], [ -97.136198431335544, 19.444874172257993 ], [ -97.136409043947054, 19.44477696794242 ], [ -97.136716007853437, 19.444581384720859 ], [ -97.136926516712123, 19.444493212187023 ], [ -97.137992639855582, 19.444531260836236 ], [ -97.138307268816931, 19.444498356569827 ], [ -97.138563222148022, 19.444600352198368 ], [ -97.138764620521783, 19.444475949918186 ], [ -97.139034112445358, 19.44422577691676 ], [ -97.139139572122403, 19.444163624355031 ], [ -97.139321102380393, 19.444111285635604 ], [ -97.139463516099426, 19.444148880604427 ], [ -97.139851023759348, 19.44440579359485 ], [ -97.139983710290267, 19.444461355448556 ], [ -97.140175482897206, 19.444345886308483 ], [ -97.140271626401173, 19.444265570502303 ], [ -97.140310639526561, 19.444184668875682 ], [ -97.140406988689747, 19.44408628806049 ], [ -97.140723880315505, 19.443854665303249 ], [ -97.141030426387488, 19.443695204043916 ], [ -97.141250351011365, 19.443616156246613 ], [ -97.141621902487202, 19.443601896407401 ], [ -97.14226762965157, 19.443762081124078 ], [ -97.142448644756797, 19.443754901510935 ], [ -97.14276388868609, 19.443667794466378 ], [ -97.142982990500869, 19.443661004293599 ], [ -97.143210586487911, 19.443744636089527 ], [ -97.143685644485615, 19.443839833953323 ], [ -97.143779834381505, 19.443931133212807 ], [ -97.143825902157971, 19.444067107616664 ], [ -97.143843302077926, 19.444211822165105 ], [ -97.143811449714505, 19.444500569147326 ], [ -97.143809806112586, 19.44464508880047 ], [ -97.143846660466622, 19.444753868324852 ], [ -97.14433244674926, 19.445580890537386 ], [ -97.144633037477078, 19.445945307105308 ], [ -97.144765419120972, 19.446027963132579 ], [ -97.144879681272371, 19.446029131938083 ], [ -97.144946744879874, 19.445993683777083 ], [ -97.145110669463278, 19.44581468972531 ], [ -97.145493493045564, 19.445646967467724 ], [ -97.14553229880633, 19.445584129514287 ], [ -97.145637859909371, 19.445512940562125 ], [ -97.145771781130364, 19.445460108560763 ], [ -97.145905394429747, 19.445434373917735 ], [ -97.146057435694303, 19.445463028772856 ], [ -97.146465335237281, 19.445602700991909 ], [ -97.1469515639848, 19.445553468303377 ], [ -97.147103708171244, 19.445573089810779 ], [ -97.147255544784571, 19.445619808678209 ], [ -97.147359464696819, 19.445693138590496 ], [ -97.147395808987625, 19.445847080073349 ], [ -97.147356081005583, 19.44599121093421 ], [ -97.147114035084726, 19.446341046350092 ], [ -97.147055262929769, 19.446484982541392 ], [ -97.146985430345339, 19.446764308801118 ], [ -97.14696484809258, 19.446899601603299 ], [ -97.146972934108817, 19.447026153785853 ], [ -97.147123438756381, 19.44719029527036 ], [ -97.147610595007421, 19.447059768740072 ], [ -97.147686667853762, 19.447069579292499 ], [ -97.147829906760435, 19.447034908077104 ], [ -97.1481072725052, 19.446929338067303 ], [ -97.14826126304375, 19.446786373739126 ], [ -97.148178640728418, 19.446514523746657 ], [ -97.148208538809456, 19.446397392937286 ], [ -97.148353621743297, 19.446200136250742 ], [ -97.148431846310629, 19.446020263952356 ], [ -97.148552154406516, 19.445488512862301 ], [ -97.14848673122161, 19.445379442417721 ], [ -97.148459600348758, 19.445252695780354 ], [ -97.148472811097506, 19.444927622924212 ], [ -97.148341043024445, 19.444790774505861 ], [ -97.148294663797131, 19.444681898436503 ], [ -97.14818593641813, 19.444192976811408 ], [ -97.148139659914378, 19.444075068217039 ], [ -97.147925169399855, 19.443675402089248 ], [ -97.147719381557437, 19.443348093010016 ], [ -97.147381111064874, 19.442947162292484 ], [ -97.147307193107778, 19.442747669309856 ], [ -97.147346920079869, 19.44260353834958 ], [ -97.147452478439646, 19.442532348094051 ], [ -97.147710895647108, 19.442417551039163 ], [ -97.147903173426585, 19.442256910542181 ], [ -97.148086953939384, 19.442005847569966 ], [ -97.148061053396034, 19.44177071086558 ], [ -97.147923148240238, 19.441335692542822 ], [ -97.147801827234858, 19.441117648651964 ], [ -97.14760423154317, 19.440907859380498 ], [ -97.147398549865031, 19.440571517682393 ], [ -97.14734285570816, 19.440444479232212 ], [ -97.147317161301331, 19.440191277490744 ], [ -97.147365896432703, 19.440092406181474 ], [ -97.147644787495267, 19.439851348318346 ], [ -97.147722189283598, 19.439743736046278 ], [ -97.147792733855582, 19.439401181419584 ], [ -97.147889485659064, 19.439266665955635 ], [ -97.148042546382641, 19.439204993667222 ], [ -97.148395045525831, 19.439190524663942 ], [ -97.148586499168246, 19.439102143085229 ], [ -97.148663899971751, 19.438994530322329 ], [ -97.148712838739328, 19.438877593523657 ], [ -97.148823924356222, 19.438318646657834 ], [ -97.148901119778955, 19.43822909876279 ], [ -97.149015888746291, 19.438185101958037 ], [ -97.149120931458185, 19.438159072962552 ], [ -97.149339821527946, 19.438170339497571 ], [ -97.149741256292884, 19.43803893060937 ], [ -97.149865136937308, 19.43803116040359 ], [ -97.15050317364387, 19.438028632294944 ], [ -97.150750423415474, 19.438058253351127 ], [ -97.15087379260288, 19.438095645057992 ], [ -97.151081729474726, 19.438233267753546 ], [ -97.151675648568414, 19.438763266375652 ], [ -97.151940102352157, 19.43895566538669 ], [ -97.152262912399706, 19.439040255606013 ], [ -97.152546716990102, 19.439205750189888 ], [ -97.15310756536374, 19.439292762884396 ], [ -97.153325538141104, 19.439385317543302 ], [ -97.153636785390916, 19.439650459187899 ], [ -97.154002915918554, 19.440114897489948 ], [ -97.154125572658586, 19.440215514913174 ], [ -97.154286724292433, 19.440280389629962 ], [ -97.154363611606385, 19.440217936867324 ], [ -97.15445257318575, 19.439929767501109 ], [ -97.154540717578783, 19.43971385836176 ], [ -97.154656099015256, 19.439615662722321 ], [ -97.154818373301509, 19.439581179004605 ], [ -97.154989352427947, 19.439619052296109 ], [ -97.155539151923804, 19.439841448994123 ], [ -97.155747911617169, 19.439906806467654 ], [ -97.155871487682106, 19.439926129886341 ], [ -97.156128671562584, 19.439919710526322 ], [ -97.156168696043537, 19.439748479254476 ], [ -97.15612343470832, 19.439540246809713 ], [ -97.155908214544482, 19.439203816641189 ], [ -97.155833674950102, 19.439058521612562 ], [ -97.155797425499742, 19.438895548637138 ], [ -97.155782361680053, 19.438543085783806 ], [ -97.155875808549382, 19.437857483342171 ], [ -97.155994146187012, 19.437497342780325 ], [ -97.156119454561306, 19.437363112565528 ], [ -97.156434986658056, 19.437248882424971 ], [ -97.156540741815732, 19.43715962112644 ], [ -97.156609125130615, 19.437006744944163 ], [ -97.156650065860376, 19.436754220448169 ], [ -97.156641972080067, 19.436627667986851 ], [ -97.156512956031094, 19.436246946485223 ], [ -97.156451303557802, 19.435803674267653 ], [ -97.156453750967188, 19.435586893023064 ], [ -97.156579057382274, 19.435452662312645 ], [ -97.156750746533248, 19.435427305763696 ], [ -97.157188522167303, 19.435449819642116 ], [ -97.15720868601062, 19.435350654926982 ], [ -97.15714478921339, 19.435106099011048 ], [ -97.157128702748437, 19.4348439614825 ], [ -97.157141078100736, 19.434591146606092 ], [ -97.157190315176777, 19.434447109188028 ], [ -97.157450242158561, 19.434196808167197 ], [ -97.157653448672889, 19.433909796456025 ], [ -97.157749374015637, 19.433847535201146 ], [ -97.158102779264894, 19.433751753239441 ], [ -97.158581283733554, 19.433539803306076 ], [ -97.158773642438973, 19.433370116829508 ], [ -97.158861166005224, 19.433208400082663 ], [ -97.158947874806401, 19.433118943814229 ], [ -97.15910153710746, 19.433003065927313 ], [ -97.159216096495726, 19.432977127252659 ], [ -97.159368435105023, 19.432978672513322 ], [ -97.159663082288617, 19.433026828947423 ], [ -97.16013053539568, 19.432950266608483 ], [ -97.160809284718852, 19.432713239738707 ], [ -97.161173936191716, 19.432463994089716 ], [ -97.161346130269877, 19.432393469966438 ], [ -97.161812462879311, 19.4324162614786 ], [ -97.162470133309256, 19.432359686822423 ], [ -97.162593704953309, 19.432379005272416 ], [ -97.16280184930018, 19.432498549649591 ], [ -97.162944361820934, 19.432527093244335 ], [ -97.162983462408263, 19.432437152897716 ], [ -97.162793577047253, 19.431540902559796 ], [ -97.162806044543885, 19.431279053882506 ], [ -97.162845551228784, 19.431152983180038 ], [ -97.162951400557361, 19.431054684886487 ], [ -97.163210196262426, 19.430903732857267 ], [ -97.163363142677682, 19.430851079057348 ], [ -97.163525203836343, 19.43083465183766 ], [ -97.163972084566467, 19.430893375145892 ], [ -97.164353333324996, 19.430861097296486 ], [ -97.16480092501665, 19.430856590400644 ], [ -97.165049183137526, 19.430795865303182 ], [ -97.16552736690312, 19.430610993340775 ], [ -97.16565144498324, 19.430585146614121 ], [ -97.165755973757257, 19.430604270365272 ], [ -97.166086979753047, 19.430806355385528 ], [ -97.166520386521029, 19.431217247962532 ], [ -97.166652972211395, 19.431281822849314 ], [ -97.167328261270114, 19.431351878984241 ], [ -97.167584621948961, 19.431417703130599 ], [ -97.167698166044715, 19.431482085025038 ], [ -97.167801682486058, 19.431591533798297 ], [ -97.167876433018208, 19.43171875938496 ], [ -97.168099266916499, 19.432226892611713 ], [ -97.168183843035848, 19.432327116375209 ], [ -97.168326052833649, 19.432382753652576 ], [ -97.168421973667449, 19.432320486336756 ], [ -97.168634680527191, 19.432033556593051 ], [ -97.168798363113339, 19.431872602824203 ], [ -97.168990203759947, 19.431748067551155 ], [ -97.169325164908642, 19.431597874934404 ], [ -97.169439418549118, 19.431599027450741 ], [ -97.169553368513959, 19.431627277762782 ], [ -97.169894611422265, 19.431766224032742 ], [ -97.170009168827832, 19.431740278326153 ], [ -97.170298041281512, 19.431454114385549 ], [ -97.170413003139885, 19.431392037892088 ], [ -97.170899794677737, 19.43128854107572 ], [ -97.171032989313304, 19.431298917124963 ], [ -97.171317713020784, 19.431383089236757 ], [ -97.171451008909202, 19.431384432355014 ], [ -97.171909337718233, 19.431271612337895 ], [ -97.171956033533633, 19.431353385591102 ], [ -97.172050638366485, 19.431408540447325 ], [ -97.172099052754007, 19.431336758866959 ], [ -97.172133377865848, 19.430822186306099 ], [ -97.172235158728739, 19.430236023817582 ], [ -97.172363985863981, 19.429785638390481 ], [ -97.172432250125667, 19.429641787301399 ], [ -97.17261557500629, 19.429426825452204 ], [ -97.172817032119184, 19.429293348850027 ], [ -97.172950629495944, 19.429267592802837 ], [ -97.173054754590211, 19.429322842921017 ], [ -97.173108446075403, 19.429630527799393 ], [ -97.17320274735961, 19.429712779943465 ], [ -97.173297957834635, 19.42971373825586 ], [ -97.173411705391175, 19.429760051384267 ], [ -97.173496586855066, 19.429833174925204 ], [ -97.173749514916949, 19.430206100312056 ], [ -97.173918874761526, 19.430388477682218 ], [ -97.174108084945715, 19.430498785330634 ], [ -97.17424168320845, 19.430473028399359 ], [ -97.174345910495532, 19.430519245219838 ], [ -97.174732137258815, 19.430893510316029 ], [ -97.174911625635232, 19.431021786752716 ], [ -97.175101240953069, 19.431095962867897 ], [ -97.175215595524307, 19.431088079068886 ], [ -97.17522642850696, 19.430970750330214 ], [ -97.175324767866044, 19.430691695414538 ], [ -97.175440332918825, 19.430575419611401 ], [ -97.175612318219478, 19.430522946573795 ], [ -97.17584082480964, 19.430525243498852 ], [ -97.176125550364205, 19.430609408162059 ], [ -97.176503470684708, 19.430875182247426 ], [ -97.176626438747974, 19.43094868713667 ], [ -97.176749810233574, 19.430986061312915 ], [ -97.176835802963978, 19.430959824196428 ], [ -97.177037259053861, 19.430826342801666 ], [ -97.177247631164875, 19.43074715275495 ], [ -97.177753359547168, 19.430652860944971 ], [ -97.178001714890669, 19.430583085034598 ], [ -97.178069168766342, 19.43051149279291 ], [ -97.178051436299441, 19.430393876961524 ], [ -97.177884590459882, 19.429985686421979 ], [ -97.177850637237, 19.429614964744822 ], [ -97.177683893301619, 19.42919774142678 ], [ -97.177611251861606, 19.428880833338134 ], [ -97.177660569963109, 19.428727755998352 ], [ -97.177727922377599, 19.428665196486385 ], [ -97.177908620083187, 19.428685077969785 ], [ -97.177993402490301, 19.428767232200549 ], [ -97.178258379306754, 19.4289144308982 ], [ -97.178456608640531, 19.429069993041402 ], [ -97.178522148006095, 19.429170021288762 ], [ -97.17866113662771, 19.429514696005754 ], [ -97.17893281678478, 19.42991490420453 ], [ -97.179027020732661, 19.430006186241556 ], [ -97.179357641485211, 19.430244378985964 ], [ -97.179432702956191, 19.430344502488694 ], [ -97.179458749461745, 19.430570605858957 ], [ -97.179514869528802, 19.430661505646373 ], [ -97.179628418504805, 19.430725880416748 ], [ -97.179865339848035, 19.43082762722883 ], [ -97.179969267291483, 19.430900938990955 ], [ -97.180110373691392, 19.431055926701713 ], [ -97.180243669967979, 19.431057263342304 ], [ -97.180339384743107, 19.431013054637834 ], [ -97.180435501960702, 19.43093271516598 ], [ -97.180657909305069, 19.430627799518444 ], [ -97.180804750396405, 19.430267923949916 ], [ -97.180857184531376, 19.429834832438289 ], [ -97.180945690842108, 19.429582776220499 ], [ -97.181023066477579, 19.429475147431148 ], [ -97.181282850830371, 19.429233841189816 ], [ -97.181495029169199, 19.428992057536909 ], [ -97.182127137689818, 19.428664143068531 ], [ -97.182241993155969, 19.428611091224894 ], [ -97.182385110133524, 19.428585423415566 ], [ -97.183013096389132, 19.428627845996701 ], [ -97.183660928701073, 19.428598195418807 ], [ -97.183784501348754, 19.428617499411754 ], [ -97.183925911111189, 19.428745386231359 ], [ -97.184000774119227, 19.428863573426494 ], [ -97.184091968281493, 19.429225833972687 ], [ -97.184175449024593, 19.429425410664159 ], [ -97.184306736260666, 19.429607398192779 ], [ -97.184777069874769, 19.430127024074313 ], [ -97.184908458686223, 19.430299978552735 ], [ -97.18526243457417, 19.431008147462784 ], [ -97.185363655334584, 19.431325339307946 ], [ -97.185399030681538, 19.431569603088167 ], [ -97.185445432590072, 19.431678471527775 ], [ -97.185539541067499, 19.431778783245448 ], [ -97.185634552721439, 19.431797800591969 ], [ -97.185920992380474, 19.43172839447557 ], [ -97.186160327236124, 19.431613348544875 ], [ -97.186275384388125, 19.431542228811793 ], [ -97.186487158003814, 19.431336569854775 ], [ -97.186632182394447, 19.431139277371582 ], [ -97.186671470546102, 19.431031265400328 ], [ -97.186743333125179, 19.430562230405091 ], [ -97.186915115217872, 19.430527811776955 ], [ -97.187056930191531, 19.430619565615295 ], [ -97.187142520506129, 19.430629454310196 ], [ -97.187334146880531, 19.430522963792566 ], [ -97.187392376488233, 19.430424174513107 ], [ -97.187430762601934, 19.429539253797092 ], [ -97.187555940162937, 19.4294140318678 ], [ -97.187632008796228, 19.429423825204502 ], [ -97.187802286451529, 19.429524896368424 ], [ -97.188010949398503, 19.429599249466673 ], [ -97.188124301120112, 19.429681684572724 ], [ -97.188208588636698, 19.429808998069358 ], [ -97.188245270578506, 19.429935836312232 ], [ -97.188238758417484, 19.430522962985993 ], [ -97.188256598507749, 19.4306315456964 ], [ -97.188312122619422, 19.430776639466018 ], [ -97.188622715782259, 19.431104953617407 ], [ -97.188924990821249, 19.431324779665339 ], [ -97.188952452799583, 19.431424424638603 ], [ -97.188941629549248, 19.431541754986867 ], [ -97.188959470163738, 19.431650337663228 ], [ -97.18916593320057, 19.431923409539735 ], [ -97.189297828917276, 19.432051197690541 ], [ -97.189372797450162, 19.43216035034208 ], [ -97.18947462770501, 19.432423344224759 ], [ -97.189559217936349, 19.432523559089091 ], [ -97.189804769418444, 19.432706683108538 ], [ -97.18994578714296, 19.432870696742079 ], [ -97.190216600474301, 19.433352185106504 ], [ -97.190382880324265, 19.433814563278013 ], [ -97.190486014145094, 19.433960131330437 ], [ -97.190608891477822, 19.434042660138051 ], [ -97.190751512222363, 19.434062149653538 ], [ -97.19097110463747, 19.434010136631446 ], [ -97.191228282281116, 19.434003666615538 ], [ -97.191341938778322, 19.434059001860675 ], [ -97.191347858824628, 19.434384275030965 ], [ -97.191287629013431, 19.434663720198401 ], [ -97.191112141039383, 19.435032353606701 ], [ -97.190871903236243, 19.435228700444839 ], [ -97.190889244989052, 19.435382446656735 ], [ -97.191021845158573, 19.435447004754426 ], [ -97.191155245881333, 19.435439300943585 ], [ -97.191278624882656, 19.435476665761762 ], [ -97.191324931678324, 19.435594565786268 ], [ -97.191341373449944, 19.435829606538817 ], [ -97.191387680369701, 19.435947506554964 ], [ -97.191472473570087, 19.436029655274773 ], [ -97.191680946557881, 19.436122070363201 ], [ -97.192099493407923, 19.436162376172984 ], [ -97.192364296214052, 19.436327621608598 ], [ -97.193056469655758, 19.436596494388468 ], [ -97.193216936806465, 19.43672456464942 ], [ -97.193253323963674, 19.436878500435725 ], [ -97.193248226594179, 19.437339169986867 ], [ -97.193274192714469, 19.437574305577328 ], [ -97.193330023076086, 19.437692300045928 ], [ -97.193442783386402, 19.437828928845654 ], [ -97.193507535945997, 19.438001214504222 ], [ -97.193496215384272, 19.438163708954296 ], [ -97.193341969991167, 19.438333813923158 ], [ -97.193236532081045, 19.438396000040811 ], [ -97.193064442457811, 19.438457522271126 ], [ -97.192997990763928, 19.438438792960163 ], [ -97.192920817737146, 19.438528361585316 ], [ -97.192900274765719, 19.438663662898566 ], [ -97.192916218848453, 19.43894386730426 ], [ -97.192904897552154, 19.439106361649007 ], [ -97.192855589367426, 19.43925944386881 ], [ -97.192778115878369, 19.439376110583478 ], [ -97.192528551300526, 19.439554298860156 ], [ -97.192251021102805, 19.439678005730705 ], [ -97.191964869087897, 19.439720322699412 ], [ -97.191812521415699, 19.439718804289054 ], [ -97.191508426468417, 19.439661570734767 ], [ -97.191268482001931, 19.439830819322307 ], [ -97.191087068673326, 19.439874179105392 ], [ -97.190923597712555, 19.440017088544327 ], [ -97.190498834280561, 19.440536807868405 ], [ -97.190143124071142, 19.440840405747593 ], [ -97.190037082518842, 19.440956786058784 ], [ -97.189988371904548, 19.441055670911702 ], [ -97.189958604680001, 19.44116377847973 ], [ -97.189976947221609, 19.441227197507207 ], [ -97.190080084753063, 19.441372766025584 ], [ -97.190182120890086, 19.441617694379481 ], [ -97.190140728739877, 19.441915394011023 ], [ -97.190271931674076, 19.442106411046254 ], [ -97.190441522790152, 19.442270709814931 ], [ -97.190536040607284, 19.442334888698273 ], [ -97.190725376824403, 19.442436148178597 ], [ -97.191219914209853, 19.442495282498069 ], [ -97.191715252579712, 19.44248215371114 ], [ -97.191943177643893, 19.442538628058159 ], [ -97.192018552423647, 19.442611649127794 ], [ -97.192130214132987, 19.442847638833307 ], [ -97.192099247324691, 19.44306413951676 ], [ -97.192050537167646, 19.443163024951811 ], [ -97.191723289183784, 19.443475943069295 ], [ -97.191461692847298, 19.443879852297933 ], [ -97.19101847653755, 19.444345185758653 ], [ -97.190854900569931, 19.444497127420707 ], [ -97.19075897965368, 19.444559406638273 ], [ -97.19051020582198, 19.444665329503447 ], [ -97.190204399758784, 19.44476164921954 ], [ -97.190079411572867, 19.444868806566092 ], [ -97.190269251049287, 19.444924903142361 ], [ -97.190640409775398, 19.444946673584056 ], [ -97.190724706178827, 19.445073986501068 ], [ -97.190684515199209, 19.445263293574303 ], [ -97.190730122759305, 19.445444422827137 ], [ -97.190862830804505, 19.445499948910193 ], [ -97.191005561609401, 19.44551040629403 ], [ -97.191225670238978, 19.445413230670049 ], [ -97.191416411699095, 19.44538803165565 ], [ -97.191530576304459, 19.445398203762998 ], [ -97.191889712677579, 19.445645694822247 ], [ -97.192327227956198, 19.445695224613676 ], [ -97.192430670299586, 19.445813693952061 ], [ -97.192448213852387, 19.445949374606197 ], [ -97.192403522441012, 19.446545154718102 ], [ -97.192392799727855, 19.446653452483137 ], [ -97.192324744031325, 19.446779246234012 ], [ -97.192228321891221, 19.446886689759271 ], [ -97.19179672263013, 19.447162432311067 ], [ -97.191604477655801, 19.447323122328402 ], [ -97.19144059863396, 19.447502162426712 ], [ -97.191372341600641, 19.447646021154313 ], [ -97.191348792128139, 19.448052303448868 ], [ -97.191269811083799, 19.448304459720031 ], [ -97.191296575620186, 19.448467333513435 ], [ -97.191547969926546, 19.448984762420263 ], [ -97.191630266776642, 19.449292729409574 ], [ -97.191714365733247, 19.449438107483616 ], [ -97.191902809813129, 19.449620660834185 ], [ -97.191977386850937, 19.44976594386717 ], [ -97.191928373980673, 19.44989192718425 ], [ -97.191774415195894, 19.450034931439379 ], [ -97.19169623441924, 19.450214826095774 ], [ -97.191733623044655, 19.450278434941016 ], [ -97.191799879049782, 19.45031523050007 ], [ -97.192067005224473, 19.450272725455825 ], [ -97.19219981767408, 19.450319218166445 ], [ -97.192284518065478, 19.450410399734498 ], [ -97.192377339910763, 19.45062813425541 ], [ -97.192344769823336, 19.450989158201423 ], [ -97.192372036023272, 19.451106868322185 ], [ -97.192502747803303, 19.451343047955437 ], [ -97.192596871209602, 19.451443357065948 ], [ -97.192720062290604, 19.451498787278716 ], [ -97.192843753716446, 19.451509053814519 ], [ -97.193254118174707, 19.451431839800051 ], [ -97.193474434045172, 19.451316596593365 ], [ -97.193656959998989, 19.451173875477259 ], [ -97.193820940810014, 19.450985800819375 ], [ -97.194082844507932, 19.450554790750676 ], [ -97.194237101878116, 19.450384686235029 ], [ -97.194735762751094, 19.450073471006288 ], [ -97.194946353619585, 19.449976196426785 ], [ -97.195118255399791, 19.449932738868515 ], [ -97.195231924049224, 19.449988072580314 ], [ -97.195326248364239, 19.450070314891917 ], [ -97.195767206681907, 19.450670929023694 ], [ -97.195823242316891, 19.450770857596311 ], [ -97.19585863512016, 19.451015120437788 ], [ -97.195798803763537, 19.451258435805595 ], [ -97.195644946577858, 19.451392410763209 ], [ -97.19508964792449, 19.451657895888239 ], [ -97.194754263587711, 19.451844265299236 ], [ -97.194580960279339, 19.452014180529023 ], [ -97.194445446590407, 19.452211573045791 ], [ -97.194406257049678, 19.452310553739224 ], [ -97.194395634905177, 19.452409818907036 ], [ -97.194442147675474, 19.45250965304016 ], [ -97.194660665156405, 19.452556997557071 ], [ -97.195042864069478, 19.452443364276892 ], [ -97.195222892034835, 19.452526459862479 ], [ -97.195288050669831, 19.452662614315564 ], [ -97.1953323658106, 19.452961168349397 ], [ -97.195378579544837, 19.453088100487861 ], [ -97.195528442202473, 19.453315435196313 ], [ -97.19563219109618, 19.453406804991932 ], [ -97.19575528491616, 19.453471266063993 ], [ -97.195898123202639, 19.45347268743836 ], [ -97.196030539976917, 19.453555308557711 ], [ -97.196067331716506, 19.453673113087099 ], [ -97.196037165835165, 19.453817352584046 ], [ -97.196054812573834, 19.453944000351751 ], [ -97.196167884982728, 19.454053530106833 ], [ -97.196309924824291, 19.454127213074251 ], [ -97.196471409457658, 19.454164954455447 ], [ -97.196709773936647, 19.454140224280994 ], [ -97.196861835951239, 19.454168837869801 ], [ -97.196774834537266, 19.454285411064369 ], [ -97.196669686468098, 19.454320500144277 ], [ -97.196431121985356, 19.454363295713822 ], [ -97.196182035970551, 19.454496323552416 ], [ -97.195970740366974, 19.454656828240296 ], [ -97.195633851686864, 19.454978689767497 ], [ -97.195269592956976, 19.455191873424461 ], [ -97.195163944323227, 19.455272125193698 ], [ -97.195134177017323, 19.455380233518071 ], [ -97.195161445720117, 19.455497943385708 ], [ -97.195311409912108, 19.455716245641678 ], [ -97.195415759675086, 19.455753419279986 ], [ -97.19557834476214, 19.455691801540446 ], [ -97.195713061107796, 19.455566670212633 ], [ -97.195846178735422, 19.455586062461776 ], [ -97.19599714296605, 19.455714036914401 ], [ -97.196053080308957, 19.455822998245051 ], [ -97.196027241713338, 19.456437034456254 ], [ -97.196082779683252, 19.456582126715439 ], [ -97.196271935834616, 19.456701447318348 ], [ -97.196347218807915, 19.456783499892474 ], [ -97.196345720506812, 19.456918990874662 ], [ -97.196249094447126, 19.457044501619702 ], [ -97.196124099726433, 19.45715166256057 ], [ -97.196094032880026, 19.457286869236626 ], [ -97.196130625464932, 19.457422739239217 ], [ -97.196288616946148, 19.457776626613601 ], [ -97.196352579502744, 19.458021173620818 ], [ -97.196369127831133, 19.458247181398104 ], [ -97.196334365745386, 19.458806926425765 ], [ -97.196417873875333, 19.459006499284587 ], [ -97.196739654230825, 19.459190375237913 ], [ -97.197355746772146, 19.459458481397057 ], [ -97.197668205916699, 19.45962419567002 ], [ -97.198426946373274, 19.459911784223294 ], [ -97.198816888205513, 19.459960828233868 ], [ -97.199120824529786, 19.460036118130049 ], [ -97.199234501500683, 19.460091449945438 ], [ -97.199461556489112, 19.460229211612365 ], [ -97.19953654346935, 19.46033836132354 ], [ -97.199582562697728, 19.460483358210599 ], [ -97.1996767952878, 19.460574631574083 ], [ -97.199800394694023, 19.460593926683334 ], [ -97.200172190089972, 19.460561484043986 ], [ -97.200936221752514, 19.460370326966739 ], [ -97.201041672079754, 19.46030813741541 ], [ -97.201214879154605, 19.460147249073319 ], [ -97.201310706640939, 19.460093997591315 ], [ -97.201434305980271, 19.460113291572959 ], [ -97.201690529695753, 19.460197137549262 ], [ -97.202033157678358, 19.460218604081504 ], [ -97.202261012139346, 19.460284100376821 ], [ -97.202432425857339, 19.460285800434651 ], [ -97.202499684142282, 19.460232264968205 ], [ -97.202680620811279, 19.460234059226217 ], [ -97.202785871373052, 19.460189934120351 ], [ -97.202872374554786, 19.460118521826576 ], [ -97.202874265871046, 19.459946899358261 ], [ -97.202705540349243, 19.459701315203414 ], [ -97.202754946962017, 19.459539197624245 ], [ -97.202822403906964, 19.459467596477118 ], [ -97.203042128233804, 19.459406538638532 ], [ -97.203156104906313, 19.459434769777694 ], [ -97.203259862053173, 19.45952613579999 ], [ -97.203325228967671, 19.459644222495466 ], [ -97.203352404619778, 19.459770964371891 ], [ -97.203368763642416, 19.460015037786373 ], [ -97.20326052765526, 19.460330146151055 ], [ -97.203507428892379, 19.460395829728959 ], [ -97.203656214762304, 19.460722519395649 ], [ -97.203859950524077, 19.461248496051439 ], [ -97.203884838373767, 19.461582991477627 ], [ -97.203912313141814, 19.461682635009993 ], [ -97.204006250520621, 19.461801004654635 ], [ -97.204110805452387, 19.461820108199223 ], [ -97.204254944895354, 19.461704097608845 ], [ -97.204632511060552, 19.461147745368745 ], [ -97.204690942168142, 19.4610308853463 ], [ -97.204712673291411, 19.460787189217985 ], [ -97.204761183404017, 19.460706365909125 ], [ -97.204847387786899, 19.460662050940723 ], [ -97.204980511205108, 19.460681436887519 ], [ -97.205093992074197, 19.460754830760216 ], [ -97.205338807263288, 19.46101020017683 ], [ -97.205462209198132, 19.461047557048484 ], [ -97.205729649606738, 19.460977934706882 ], [ -97.206500916884622, 19.460994601975056 ], [ -97.206625113868839, 19.460959695842018 ], [ -97.206721238346447, 19.46087934306026 ], [ -97.206693960586009, 19.460761634260365 ], [ -97.206571551922977, 19.460633950429148 ], [ -97.206165440169599, 19.460322783758418 ], [ -97.206100269608299, 19.460186632355992 ], [ -97.206113469059062, 19.459852513834775 ], [ -97.206162872423576, 19.459690395062061 ], [ -97.206277942882068, 19.459619263729582 ], [ -97.206363450883913, 19.459638177410437 ], [ -97.206581585132582, 19.459721639675504 ], [ -97.207007437552278, 19.45996976430698 ], [ -97.207225374024219, 19.460071291421286 ], [ -97.207472674109752, 19.460100838556318 ], [ -97.207748046956567, 19.46017583178066 ], [ -97.207870257763616, 19.460321580440858 ], [ -97.207887814786261, 19.460457260545905 ], [ -97.207865989194389, 19.460709990230733 ], [ -97.207768276911551, 19.460934868233643 ], [ -97.207613723817545, 19.46113208276406 ], [ -97.207564917037246, 19.461240005286683 ], [ -97.207552216649887, 19.461528960176814 ], [ -97.207482476864598, 19.461808317170007 ], [ -97.207431584428747, 19.462105928052008 ], [ -97.207344883305481, 19.462195408146318 ], [ -97.207201440588705, 19.462248191864884 ], [ -97.207086269201412, 19.462328356428788 ], [ -97.207026547949809, 19.462562643443615 ], [ -97.20679610509994, 19.462732004990393 ], [ -97.206718827100758, 19.462830611728066 ], [ -97.20671455519475, 19.463219021165163 ], [ -97.206646303315011, 19.463362885961491 ], [ -97.20654095211583, 19.463416045992201 ], [ -97.206407130643456, 19.463459890434745 ], [ -97.206320626957663, 19.463531304373571 ], [ -97.206279453574425, 19.463810943372341 ], [ -97.206240565711568, 19.463882828533919 ], [ -97.206115670689812, 19.463980963624266 ], [ -97.20589554327357, 19.464078155852039 ], [ -97.205303512570396, 19.464216833911923 ], [ -97.205074756192758, 19.464232635849356 ], [ -97.204960775798796, 19.464204405637641 ], [ -97.204477279787142, 19.46400087339088 ], [ -97.204145061821208, 19.463898210325638 ], [ -97.204012333967214, 19.463842692516462 ], [ -97.203937441925262, 19.46372451156714 ], [ -97.203815232587971, 19.463578760382585 ], [ -97.203615942377837, 19.463513548837732 ], [ -97.20342527973601, 19.463529726338976 ], [ -97.203253364808532, 19.46357319074755 ], [ -97.203147315700662, 19.463689578019046 ], [ -97.203117352439463, 19.463815753378402 ], [ -97.20312388911394, 19.464086830567293 ], [ -97.203158895898127, 19.464367223782311 ], [ -97.203129231134625, 19.464466300850592 ], [ -97.20305185058173, 19.464573938521387 ], [ -97.202859394438391, 19.464752704946132 ], [ -97.20253331350969, 19.464957247010648 ], [ -97.202304257322069, 19.465000143604936 ], [ -97.201999811905281, 19.464970021993388 ], [ -97.201941576526735, 19.465068815329136 ], [ -97.201919541274762, 19.465339608894016 ], [ -97.201851583156369, 19.46545637319015 ], [ -97.201573215753328, 19.465652353035274 ], [ -97.201313097011408, 19.46592078343463 ], [ -97.20125466151336, 19.466037641974367 ], [ -97.201145519452808, 19.466434042950393 ], [ -97.201067737898484, 19.466577810556402 ], [ -97.200673193019398, 19.466944276324327 ], [ -97.20057646374714, 19.467078821780309 ], [ -97.200409480740063, 19.467537883821187 ], [ -97.200225245042532, 19.467834167093379 ], [ -97.200156187454496, 19.468050290683628 ], [ -97.200153793731005, 19.468267076440782 ], [ -97.200203553751379, 19.468936066769469 ], [ -97.200182112991499, 19.469152663306417 ], [ -97.200102533647524, 19.469459019577485 ], [ -97.200110261681729, 19.469621703474527 ], [ -97.200185552120487, 19.469703754974653 ], [ -97.200346454653129, 19.469795690580895 ], [ -97.200516481998392, 19.469923851606222 ], [ -97.200628770004556, 19.470105641442569 ], [ -97.20060792786515, 19.470268041596412 ], [ -97.200502071685776, 19.470366361259856 ], [ -97.200013975809554, 19.470578322127039 ], [ -97.199916844536162, 19.470748997908288 ], [ -97.200010783471186, 19.47086736969877 ], [ -97.200582298704916, 19.470864013239634 ], [ -97.20082018911053, 19.47088444330489 ], [ -97.201028112932022, 19.471031047745662 ], [ -97.201563382972537, 19.471722925772095 ], [ -97.201590957128616, 19.471813536830467 ], [ -97.2016472019654, 19.471895398760349 ], [ -97.201798982502538, 19.471951107777606 ], [ -97.201930420217792, 19.472124053311422 ], [ -97.201948171967061, 19.472241668042003 ], [ -97.201926334027007, 19.472494395838783 ], [ -97.201943986126295, 19.472621043312611 ], [ -97.201999932408626, 19.472730003396116 ], [ -97.202113618991987, 19.472785334115976 ], [ -97.202333162625493, 19.472742344169323 ], [ -97.202543780241939, 19.472645062968429 ], [ -97.202829391867937, 19.472656930337223 ], [ -97.203210738664168, 19.472624578129754 ], [ -97.2033351444136, 19.472571609555818 ], [ -97.203565406149579, 19.472420319488535 ], [ -97.203689712077406, 19.472376383401379 ], [ -97.203804195570612, 19.47235945105809 ], [ -97.204776010988596, 19.472332949003128 ], [ -97.205147335871828, 19.472345662050163 ], [ -97.205404077999319, 19.472384340543666 ], [ -97.205631354018848, 19.472504030555864 ], [ -97.205876385032937, 19.472741334877654 ], [ -97.206082924031477, 19.473014392739493 ], [ -97.206175973998896, 19.473214056647457 ], [ -97.206193629467677, 19.473340703967128 ], [ -97.206139149474552, 19.473963493158095 ], [ -97.206333382438672, 19.474489373944653 ], [ -97.206350043770598, 19.474706348894859 ], [ -97.206424444854591, 19.474869693073856 ], [ -97.206556486389985, 19.474988439186639 ], [ -97.206887634823048, 19.475190460061306 ], [ -97.207019478170253, 19.475327271413324 ], [ -97.207046857074644, 19.475435947430693 ], [ -97.207036041010596, 19.475553279127421 ], [ -97.207006276509347, 19.475661389506691 ], [ -97.206919169674009, 19.475786999741203 ], [ -97.206716781476885, 19.476001806117296 ], [ -97.206505365959032, 19.47617135409952 ], [ -97.206170536556826, 19.476303544614204 ], [ -97.205375472950323, 19.476711221076556 ], [ -97.205279437340977, 19.476782539457155 ], [ -97.204915237749475, 19.476986706387017 ], [ -97.204818803669468, 19.477094155509089 ], [ -97.204894199300512, 19.47716717269693 ], [ -97.205102134724271, 19.477313773294178 ], [ -97.205319694038735, 19.477451435295226 ], [ -97.205556699722351, 19.47755315475273 ], [ -97.205680113916728, 19.477590512413496 ], [ -97.205984683413561, 19.477611596971659 ], [ -97.20628875577863, 19.477677844828211 ], [ -97.206755432869414, 19.477682465976027 ], [ -97.206926567055561, 19.477711261531105 ], [ -97.207068731596522, 19.477775905147816 ], [ -97.20716238144739, 19.477921372172467 ], [ -97.207113468957075, 19.478038326724281 ], [ -97.206997987435997, 19.47814558849981 ], [ -97.206613743998602, 19.478439897791471 ], [ -97.206555605188399, 19.478529659549437 ], [ -97.206541108965354, 19.478981203292395 ], [ -97.206564709050511, 19.479433124270582 ], [ -97.206592187538135, 19.479532767580178 ], [ -97.206741888842615, 19.479778161092899 ], [ -97.20684566013081, 19.47986952605849 ], [ -97.207195767277753, 19.480080768452567 ], [ -97.207299539021577, 19.480172133190788 ], [ -97.207374141916659, 19.480317411632953 ], [ -97.207343879444238, 19.480470685779416 ], [ -97.207209347804323, 19.480577758977464 ], [ -97.206892662970972, 19.480791433513819 ], [ -97.206909623260231, 19.480981310097743 ], [ -97.207125001586689, 19.481317691138575 ], [ -97.207482946431796, 19.481682584482975 ], [ -97.207558047088284, 19.481782699079279 ], [ -97.207594354924865, 19.481945665908 ], [ -97.207563992813476, 19.482107972820344 ], [ -97.207476484853615, 19.482269714047177 ], [ -97.206791508361178, 19.483057901631263 ], [ -97.20644634435827, 19.483262259182187 ], [ -97.20618590386016, 19.483557792750595 ], [ -97.20608966527341, 19.48364717672451 ], [ -97.205793016700923, 19.483770709871248 ], [ -97.205581489987168, 19.483949288508242 ], [ -97.205044640138439, 19.484260148203695 ], [ -97.204929351721574, 19.484349342634633 ], [ -97.204861386519923, 19.484466107367783 ], [ -97.204819405610564, 19.484818006772336 ], [ -97.204852325620365, 19.48528808731022 ], [ -97.204970966075834, 19.485759017708496 ], [ -97.204959051908176, 19.485975709187606 ], [ -97.204900112576183, 19.486137732021419 ], [ -97.204746127112116, 19.486280744933964 ], [ -97.204706634835532, 19.486406825581948 ], [ -97.204591842597239, 19.486450855923067 ], [ -97.204200540199977, 19.486519244930125 ], [ -97.204056775688414, 19.48659912245839 ], [ -97.20406400885993, 19.486806969978378 ], [ -97.20412968444613, 19.486897958742091 ], [ -97.204319577760558, 19.486954044648709 ], [ -97.204518198970291, 19.487082486766422 ], [ -97.204687948016073, 19.487237743572418 ], [ -97.204772374512231, 19.487356019271214 ], [ -97.20507138580183, 19.487882940497975 ], [ -97.205108289367701, 19.487991711163183 ], [ -97.205171277568937, 19.488326583732725 ], [ -97.205217805491742, 19.488426416068933 ], [ -97.205490237066357, 19.488772398610401 ], [ -97.205497870154304, 19.488944115196144 ], [ -97.205236422313391, 19.489329973804232 ], [ -97.204907603001331, 19.489778399977187 ], [ -97.204542276709716, 19.490081923667873 ], [ -97.204465082605793, 19.49017149527964 ], [ -97.204299575277915, 19.490495067710029 ], [ -97.204279230520697, 19.490612304333109 ], [ -97.204286065162179, 19.490856282745028 ], [ -97.204452529882417, 19.491309620368934 ], [ -97.204470284340616, 19.491427234927563 ], [ -97.204439219139644, 19.491652769930521 ], [ -97.204390200123456, 19.491778755831326 ], [ -97.204312706136591, 19.49189542550215 ], [ -97.204206836780813, 19.491993746166766 ], [ -97.204072691701697, 19.492064685038965 ], [ -97.203786248526129, 19.492125078809263 ], [ -97.20347182873715, 19.492130992104844 ], [ -97.203137761038292, 19.492190912129601 ], [ -97.202630450542003, 19.492411718239552 ], [ -97.202390533495148, 19.492571942608684 ], [ -97.202332087476975, 19.492688800468414 ], [ -97.202311541396497, 19.492824102160942 ], [ -97.202316277983556, 19.493257767603478 ], [ -97.202229356635243, 19.493365308860557 ], [ -97.202113960170962, 19.493463533500265 ], [ -97.201852197166531, 19.493876483985961 ], [ -97.201656009746927, 19.494389456411156 ], [ -97.20147373771448, 19.494505083472419 ], [ -97.201226487563233, 19.494466491452638 ], [ -97.20115961307566, 19.494483894218099 ], [ -97.201130239503328, 19.49455587195574 ], [ -97.201120315198011, 19.494591908158089 ], [ -97.201213867978666, 19.494746411070349 ], [ -97.201241245047569, 19.494855087696283 ], [ -97.201334398790806, 19.495045721439052 ], [ -97.201409500878441, 19.495145838637146 ], [ -97.202145567598777, 19.495776478393829 ], [ -97.202390325839232, 19.496040887411741 ], [ -97.202519786145629, 19.496394488152905 ], [ -97.202660667461004, 19.496576561678825 ], [ -97.202687347423151, 19.496748467234678 ], [ -97.20253968192641, 19.497180618894241 ], [ -97.202507913883338, 19.497469382186189 ], [ -97.202477941597508, 19.497595556457746 ], [ -97.202272624518599, 19.498072303651604 ], [ -97.202040227502565, 19.49841327578303 ], [ -97.201934152684302, 19.498529660040237 ], [ -97.201809626157171, 19.49859165860704 ], [ -97.201637872723836, 19.498617052900741 ], [ -97.201542021534578, 19.49867030254067 ], [ -97.201692827960827, 19.498816340648457 ], [ -97.201804335875181, 19.499070392637634 ], [ -97.202010797326196, 19.499352489228613 ], [ -97.202284734812736, 19.499562986330133 ], [ -97.202616722773882, 19.499692756295087 ], [ -97.202710878181492, 19.499793062371495 ], [ -97.202775859185479, 19.499947280908742 ], [ -97.202813361802399, 19.500001855672075 ], [ -97.202812763197898, 19.500056052000097 ], [ -97.202754513848745, 19.500154844272888 ], [ -97.202418633027776, 19.500377350533732 ], [ -97.202360383318123, 19.500476142647926 ], [ -97.20233903732634, 19.500683705903668 ], [ -97.202270663282107, 19.500836599643897 ], [ -97.202155261140135, 19.500934823812827 ], [ -97.201773448166733, 19.501003299257 ], [ -97.201620243678065, 19.501074046230787 ], [ -97.201485690411673, 19.501181113285668 ], [ -97.201446390731988, 19.50128912710878 ], [ -97.20149102216115, 19.501560581934243 ], [ -97.201375319471026, 19.501685903657513 ], [ -97.201393271857498, 19.501785452878128 ], [ -97.201582382131164, 19.501913804585879 ], [ -97.201904549140664, 19.502070579625475 ], [ -97.202008530225569, 19.502143882636997 ], [ -97.202092661980572, 19.502289258008922 ], [ -97.202043637268275, 19.502415242733246 ], [ -97.201853028536661, 19.502422382153558 ], [ -97.201435207155214, 19.502300790940648 ], [ -97.201177920544779, 19.502307266807048 ], [ -97.201054289655161, 19.502287970182056 ], [ -97.200656119611097, 19.502112370409943 ], [ -97.200438833341678, 19.50194760272133 ], [ -97.200390107253583, 19.502046488785936 ], [ -97.200435236552224, 19.502272780190275 ], [ -97.200603397470545, 19.502572564859427 ], [ -97.200620849908432, 19.502717277656629 ], [ -97.200722632953784, 19.50298930096714 ], [ -97.200740385209386, 19.503106915634518 ], [ -97.200707912587859, 19.503458907036574 ], [ -97.200569859738167, 19.503882117909413 ], [ -97.200508310221224, 19.504278988494217 ], [ -97.200516436905431, 19.504405541122367 ], [ -97.200572291317982, 19.504523534784678 ], [ -97.200638071027967, 19.504605492355559 ], [ -97.2008926639392, 19.504842900643091 ], [ -97.201365247698817, 19.505181846836692 ], [ -97.201459704770016, 19.50525505557016 ], [ -97.201543937242988, 19.505391398529614 ], [ -97.201635798067002, 19.505699457643871 ], [ -97.201790843740582, 19.506324324424646 ], [ -97.201865950720105, 19.5064244417519 ], [ -97.202064092944113, 19.506598051595962 ], [ -97.202129275147271, 19.506734205000729 ], [ -97.202153758720527, 19.507104830184989 ], [ -97.202139939669578, 19.5074931420728 ], [ -97.202090813217069, 19.507628159329432 ], [ -97.201946229375167, 19.507780295111044 ], [ -97.201684739325046, 19.508166144741619 ], [ -97.201492325894364, 19.508335871959797 ], [ -97.201377317176011, 19.508397964269935 ], [ -97.201157524629949, 19.508459014450438 ], [ -97.200595902593122, 19.508417293436334 ], [ -97.200367183718512, 19.508424051660391 ], [ -97.200337406934423, 19.508532159738031 ], [ -97.200924509100744, 19.508854179627814 ], [ -97.201009442119314, 19.508927293973287 ], [ -97.20112165384657, 19.509118117654648 ], [ -97.20124029455836, 19.509589049846713 ], [ -97.20140776409967, 19.509952063189647 ], [ -97.201444269254708, 19.510096965372256 ], [ -97.201397174350916, 19.51090952981221 ], [ -97.201472183039726, 19.511018680107991 ], [ -97.201878040269534, 19.512224197526454 ], [ -97.20209144577295, 19.512741240024312 ], [ -97.202243962453764, 19.512733722537998 ], [ -97.202368999461669, 19.51262656108042 ], [ -97.202456631142269, 19.51245579183561 ], [ -97.202449701356699, 19.512220846760993 ], [ -97.202368061369128, 19.511849653590755 ], [ -97.202389110486379, 19.511669188811556 ], [ -97.202384876781181, 19.511190360609877 ], [ -97.202453255938408, 19.511037467330482 ], [ -97.20255903984031, 19.510948181669203 ], [ -97.202664224612462, 19.510913092194983 ], [ -97.20285444407169, 19.51094208355822 ], [ -97.202986809177958, 19.511033735816 ], [ -97.202995536586101, 19.511106092156076 ], [ -97.203089598418174, 19.511215431171113 ], [ -97.203410188001854, 19.511516728361737 ], [ -97.203533926026608, 19.511526991224404 ], [ -97.203792325005224, 19.511421153301594 ], [ -97.203916162774206, 19.511422383183167 ], [ -97.204173164814819, 19.511443002715552 ], [ -97.204914596397543, 19.511594902704612 ], [ -97.205295536665886, 19.511607717075602 ], [ -97.205638074027448, 19.511647250771343 ], [ -97.206628579585569, 19.511675142911699 ], [ -97.206723540860096, 19.511703185687914 ], [ -97.206874363377807, 19.51184922060521 ], [ -97.207015261732423, 19.512031291894882 ], [ -97.207173818184671, 19.512340010199207 ], [ -97.207274720819171, 19.512693325474718 ], [ -97.207453525480872, 19.512893839691042 ], [ -97.207535974226857, 19.513192769634486 ], [ -97.207607204315536, 19.513645161575887 ], [ -97.207720422629805, 19.513745654620777 ], [ -97.208034287465992, 19.513793933660853 ], [ -97.208453338283746, 19.513807119387319 ], [ -97.208690795329971, 19.513872707767668 ], [ -97.209097733497828, 19.514120648855606 ], [ -97.209485023728504, 19.514422596914574 ], [ -97.20966363408985, 19.514641174756587 ], [ -97.209726338892651, 19.515003144589468 ], [ -97.210127513619696, 19.515774982716355 ], [ -97.210277845699636, 19.515966178985575 ], [ -97.210561546246083, 19.516158695053409 ], [ -97.210636762383146, 19.516249776678482 ], [ -97.210702154037762, 19.516367862242653 ], [ -97.210928002025199, 19.516623041411183 ], [ -97.211096692672314, 19.51687765485476 ], [ -97.211632439941468, 19.517542416905957 ], [ -97.211743576717197, 19.517832595508917 ], [ -97.212109840736005, 19.518315005452571 ], [ -97.212534854919596, 19.518653455895919 ], [ -97.212779960419496, 19.518890756030693 ], [ -97.213071507401651, 19.519236919710401 ], [ -97.213241196893122, 19.51940120402616 ], [ -97.21398912549077, 19.519833179816672 ], [ -97.214187495417491, 19.519988712932729 ], [ -97.214253188760651, 19.520079699214335 ], [ -97.214280577494264, 19.520188374606459 ], [ -97.214180945067923, 19.520584874930798 ], [ -97.214186104631054, 19.520982410346779 ], [ -97.214236614452332, 19.521588169683646 ], [ -97.214175285896459, 19.521966980788175 ], [ -97.214164369625394, 19.522093345256419 ], [ -97.214182628884785, 19.522165795526337 ], [ -97.213971950283323, 19.522263085239352 ], [ -97.213828752400829, 19.522288771589608 ], [ -97.213534021394608, 19.52223165676385 ], [ -97.213221031805304, 19.522102091141008 ], [ -97.213078131958028, 19.522100678647647 ], [ -97.212896231537968, 19.522180184071413 ], [ -97.212493230647809, 19.522438177739939 ], [ -97.212311727056402, 19.522481551535297 ], [ -97.211818228488283, 19.52230502969552 ], [ -97.211426939529716, 19.522364394737611 ], [ -97.211312023065688, 19.522417460050637 ], [ -97.211234914932646, 19.522498000585863 ], [ -97.211041299058294, 19.522776130036519 ], [ -97.210838951386179, 19.522981903020941 ], [ -97.210808282835927, 19.523171307642141 ], [ -97.210788611768734, 19.524092552566199 ], [ -97.210747719839517, 19.524345091988632 ], [ -97.21061026673803, 19.524714113856831 ], [ -97.210570766928683, 19.524840194897227 ], [ -97.210559151157199, 19.525029788016834 ], [ -97.210510422824882, 19.525128676509741 ], [ -97.210385479825433, 19.525226810389313 ], [ -97.210232354166365, 19.525288530235251 ], [ -97.209716114102875, 19.525446024578248 ], [ -97.209361829461201, 19.525605121930788 ], [ -97.209141218745586, 19.525738441920165 ], [ -97.208833372344131, 19.526006402812296 ], [ -97.208505276021853, 19.526382566913458 ], [ -97.208245360676614, 19.526623900593119 ], [ -97.207929179790611, 19.52678337257985 ], [ -97.207354974421065, 19.52701255454479 ], [ -97.206942725287377, 19.52724334141341 ], [ -97.206637265468743, 19.527294512889206 ], [ -97.206122711766625, 19.527298440063845 ], [ -97.206037567882944, 19.527243392737184 ], [ -97.205819146976864, 19.527177988649974 ], [ -97.205249028861417, 19.52703682259067 ], [ -97.205030309247576, 19.52699851571241 ], [ -97.204677813946176, 19.526995014550323 ], [ -97.204191243288093, 19.527053416407782 ], [ -97.203809268581466, 19.527130923852923 ], [ -97.203560770129542, 19.527200723543853 ], [ -97.203369333053516, 19.527280123814741 ], [ -97.203139588354048, 19.527377210390451 ], [ -97.20287243514008, 19.527410688864016 ], [ -97.20273925819653, 19.527391297174507 ], [ -97.202160415616845, 19.52717776525358 ], [ -97.202027238993324, 19.527158373060562 ], [ -97.201436771617196, 19.527134430627115 ], [ -97.201352329585049, 19.527016152413484 ], [ -97.201306395172779, 19.526862122674547 ], [ -97.201165892240411, 19.526643915956491 ], [ -97.201131385064087, 19.526318359959195 ], [ -97.201038516921443, 19.526100627269638 ], [ -97.201030590259464, 19.525956009461147 ], [ -97.200928695686557, 19.525693018479981 ], [ -97.200815574295675, 19.525583488291812 ], [ -97.200491963376294, 19.525553165653033 ], [ -97.200387468791902, 19.525525024230394 ], [ -97.200122519720409, 19.525359779819944 ], [ -97.199980218426703, 19.525304160655388 ], [ -97.199941510924376, 19.525357977242859 ], [ -97.200090537356488, 19.525666606416941 ], [ -97.200222911986913, 19.525758261387921 ], [ -97.200317079485387, 19.525858569521507 ], [ -97.200313377633904, 19.526192778793142 ], [ -97.200293623609554, 19.526255817848099 ], [ -97.200167973711388, 19.526417172864239 ], [ -97.199909548111577, 19.526523003351887 ], [ -97.199707582698409, 19.526692631578999 ], [ -97.19954362422672, 19.526871671846777 ], [ -97.199204977877656, 19.527338049030064 ], [ -97.198830124555442, 19.527632424810889 ], [ -97.198645908479932, 19.527919666273682 ], [ -97.198559164604561, 19.528009138359899 ], [ -97.198453667265539, 19.528071322444983 ], [ -97.19778407687069, 19.528308555479132 ], [ -97.197352558252064, 19.528557194405046 ], [ -97.197228106464536, 19.528610154981614 ], [ -97.19709452861899, 19.528626889765899 ], [ -97.196675342659333, 19.52862270741014 ], [ -97.19646454637514, 19.528729007802465 ], [ -97.196110745097883, 19.528842914211719 ], [ -97.195881295519456, 19.528912893043266 ], [ -97.195432825852009, 19.52897165101432 ], [ -97.19502156057672, 19.529112082346195 ], [ -97.194717099001778, 19.529072906552837 ], [ -97.194583018748489, 19.529134802684943 ], [ -97.194353969855754, 19.529168648887651 ], [ -97.193887248710368, 19.52915495135418 ], [ -97.193659003221313, 19.529116535487024 ], [ -97.193526228376527, 19.529061006399566 ], [ -97.193138034167333, 19.52884031797938 ], [ -97.193053396810001, 19.528740101606665 ], [ -97.192922732487546, 19.52849488659805 ], [ -97.192847722830308, 19.528385732768029 ], [ -97.192507266219124, 19.528156486851262 ], [ -97.192403575803041, 19.528056079662335 ], [ -97.192338294588566, 19.527928955663423 ], [ -97.192396862928177, 19.527803070410307 ], [ -97.192492835210629, 19.527740794751661 ], [ -97.192655093611819, 19.527715316524397 ], [ -97.192750764313786, 19.527680138646943 ], [ -97.192742443195414, 19.527571651656157 ], [ -97.192171735690678, 19.527484640970357 ], [ -97.191942990496443, 19.527491386347609 ], [ -97.191580064918725, 19.527569057997376 ], [ -97.191331059222421, 19.527684003571306 ], [ -97.191206103704232, 19.527782123079433 ], [ -97.19111905441234, 19.527898689178421 ], [ -97.19106870448573, 19.52814209354387 ], [ -97.191104700007344, 19.528332160302657 ], [ -97.19122603557561, 19.5285592157792 ], [ -97.191591049716436, 19.529150055487609 ], [ -97.191645396059528, 19.529403541310625 ], [ -97.19163835737568, 19.530035825833444 ], [ -97.191702130438955, 19.530298439618871 ], [ -97.191867986393589, 19.530805983194675 ], [ -97.192026025348284, 19.531159876532278 ], [ -97.192307213536736, 19.531578237285938 ], [ -97.192484308333903, 19.531932320950048 ], [ -97.192594311772794, 19.532321867976737 ], [ -97.192621285008002, 19.532466676077792 ], [ -97.192609647045515, 19.532656266180446 ], [ -97.192512364953032, 19.532835965926115 ], [ -97.192406359670969, 19.532943309195733 ], [ -97.192291028129219, 19.533032491802892 ], [ -97.192022859188327, 19.533156279635318 ], [ -97.191621409650836, 19.53326969951403 ], [ -97.191497455497966, 19.53327749251876 ], [ -97.19103112589255, 19.533227656166925 ], [ -97.190811195528156, 19.533297723238636 ], [ -97.190637995327933, 19.533449560703854 ], [ -97.190579725147884, 19.533548347159286 ], [ -97.190578014378758, 19.53370190181527 ], [ -97.190680700578042, 19.533892636462067 ], [ -97.19091606406873, 19.534147935021849 ], [ -97.191010531630994, 19.53422114996371 ], [ -97.191361631639012, 19.534351135846013 ], [ -97.192046488406135, 19.534457360254809 ], [ -97.192178764149972, 19.534558053880421 ], [ -97.192215063391686, 19.534721022605627 ], [ -97.192194299466337, 19.534874386721945 ], [ -97.191946563283381, 19.535730103358041 ], [ -97.191771550808269, 19.536044529099307 ], [ -97.191384721989266, 19.536555574196239 ], [ -97.191076927488481, 19.536814467924593 ], [ -97.190770239075121, 19.536974002174428 ], [ -97.190435672461277, 19.537070021196598 ], [ -97.190025288889032, 19.537129145459385 ], [ -97.189558747693042, 19.537097369713358 ], [ -97.189186876483461, 19.537120743487318 ], [ -97.188883006822536, 19.537027361112216 ], [ -97.188759150573389, 19.53702611937987 ], [ -97.188652837741188, 19.537160557822592 ], [ -97.188593758762096, 19.537331604301531 ], [ -97.188526059135356, 19.537421261698164 ], [ -97.188275524161796, 19.537671690729653 ], [ -97.188083362676011, 19.537814301399536 ], [ -97.187768049666118, 19.537892441107651 ], [ -97.18766254199349, 19.537954617980731 ], [ -97.187355445134173, 19.538150276395438 ], [ -97.187306698575199, 19.538249157051553 ], [ -97.187399754849508, 19.538448830397236 ], [ -97.18744537554764, 19.538629960512715 ], [ -97.187396528032352, 19.538737873786928 ], [ -97.187213892015507, 19.538880578953837 ], [ -97.186801586686073, 19.53911131486943 ], [ -97.186809701965998, 19.539237866936762 ], [ -97.187922003009007, 19.539465835301854 ], [ -97.188140128473719, 19.539558359520882 ], [ -97.188234597586685, 19.539631576025204 ], [ -97.188460336109515, 19.539895815037845 ], [ -97.188545277989832, 19.539968935853416 ], [ -97.188858378050284, 19.540089512558893 ], [ -97.188943118698518, 19.540180698432376 ], [ -97.189110786722594, 19.540525657108244 ], [ -97.189308750953458, 19.540717347779854 ], [ -97.189374235431785, 19.540826407697672 ], [ -97.189381748249019, 19.541007155475263 ], [ -97.189276440474117, 19.541051267932776 ], [ -97.189057707753733, 19.541012940559785 ], [ -97.188446628664934, 19.541124249903454 ], [ -97.188332397762935, 19.541114070577137 ], [ -97.187638594371862, 19.540953538874781 ], [ -97.187505106741554, 19.540961233048684 ], [ -97.187380642472917, 19.541014185752772 ], [ -97.187274930818106, 19.541094427410229 ], [ -97.186995502321807, 19.541371664903199 ], [ -97.186813367251247, 19.54146920635851 ], [ -97.186650791770376, 19.541521775923883 ], [ -97.186488720721584, 19.54152918234217 ], [ -97.186365567585483, 19.541464710509096 ], [ -97.186271401158251, 19.541364395230296 ], [ -97.186206019599766, 19.541246301745339 ], [ -97.186017889158848, 19.54102760581873 ], [ -97.185913993707715, 19.540945259894485 ], [ -97.185790639376933, 19.54089885291047 ], [ -97.1856765098956, 19.540879639334378 ], [ -97.185304226252711, 19.540939134735829 ], [ -97.185180367266426, 19.540937890311813 ], [ -97.18461032662232, 19.540787624281954 ], [ -97.184210672519839, 19.540738439083473 ], [ -97.183944000864329, 19.540726724505483 ], [ -97.183810311391042, 19.540752481120052 ], [ -97.183685745253044, 19.54081446377905 ], [ -97.183158189358451, 19.541125334046082 ], [ -97.182794320102801, 19.541284278370608 ], [ -97.182507884727841, 19.541335597947509 ], [ -97.18188838702369, 19.541347430424111 ], [ -97.181412208439596, 19.541324569464859 ], [ -97.18112688597482, 19.541276528519138 ], [ -97.180490965753549, 19.541053317528455 ], [ -97.180017117573655, 19.540822703938165 ], [ -97.179779839561718, 19.54073901069421 ], [ -97.179665711242038, 19.540719793384028 ], [ -97.179560705382798, 19.540736802284922 ], [ -97.179455395630995, 19.540780908814348 ], [ -97.179368634493358, 19.540870370163525 ], [ -97.179319780994177, 19.54097828074142 ], [ -97.179229777851418, 19.541356784001277 ], [ -97.179122137374804, 19.541608639208167 ], [ -97.179044599249707, 19.541725294076787 ], [ -97.178900772886905, 19.541805146229123 ], [ -97.178814922872007, 19.541813314197746 ], [ -97.178358306133276, 19.541745474455613 ], [ -97.177948415541721, 19.541759407157446 ], [ -97.177670897711735, 19.541865010302985 ], [ -97.177555754942389, 19.541936117149479 ], [ -97.177478519800928, 19.542025673580305 ], [ -97.177495749723448, 19.542188451805409 ], [ -97.17757105825325, 19.542270513879746 ], [ -97.177665726373135, 19.542325670531596 ], [ -97.178083625364721, 19.542447323028195 ], [ -97.178187922821692, 19.542493542981369 ], [ -97.178386584805196, 19.542622016853105 ], [ -97.178471421682445, 19.542704174695086 ], [ -97.178555650524672, 19.542840527846913 ], [ -97.178657617362774, 19.543094496381435 ], [ -97.1787408330852, 19.543321175046852 ], [ -97.178776410349286, 19.543547373302811 ], [ -97.178753402332646, 19.54389945088219 ], [ -97.178635521837023, 19.544214437348526 ], [ -97.1785188572142, 19.544421033025529 ], [ -97.17844172263095, 19.544501557237943 ], [ -97.178258971225816, 19.544653284659063 ], [ -97.178200790617879, 19.544743033521932 ], [ -97.178178997599886, 19.544986720232064 ], [ -97.178273158269263, 19.545936195570643 ], [ -97.178171187572531, 19.546531382812574 ], [ -97.17809202371258, 19.546792557784709 ], [ -97.177967045262122, 19.546890666110897 ], [ -97.177842979410116, 19.546907481391376 ], [ -97.17745243595752, 19.546894506548469 ], [ -97.177127573522228, 19.546972529603071 ], [ -97.176420984764817, 19.547100898946859 ], [ -97.176190182781525, 19.547288272902406 ], [ -97.175711247475036, 19.547509274122056 ], [ -97.175490581396517, 19.547642548098668 ], [ -97.175202000414842, 19.547883538204772 ], [ -97.17499086141224, 19.548016907777811 ], [ -97.174464180976798, 19.548246456391453 ], [ -97.174138095254463, 19.548432864074787 ], [ -97.173599749513357, 19.548851996661071 ], [ -97.172887048590567, 19.549522302616015 ], [ -97.172589135902427, 19.549745126455541 ], [ -97.172483716821006, 19.549798260771347 ], [ -97.171976897715169, 19.549955734073162 ], [ -97.171718418474185, 19.550061519465476 ], [ -97.171382696322951, 19.550256857616702 ], [ -97.17118087579675, 19.550408383721731 ], [ -97.171103531115065, 19.550506969247873 ], [ -97.171054770655303, 19.550605844290875 ], [ -97.171081624145046, 19.550759686543145 ], [ -97.171016920830667, 19.551427513234724 ], [ -97.171043876170913, 19.551572322976973 ], [ -97.171221958745917, 19.551836099670847 ], [ -97.171293399145085, 19.552261399815702 ], [ -97.171461547371777, 19.552561209878618 ], [ -97.171355209782007, 19.552695635942094 ], [ -97.171240158306617, 19.552757705324833 ], [ -97.171125208570658, 19.552810742116648 ], [ -97.170953496665859, 19.552827069593707 ], [ -97.170801248578002, 19.552807459958558 ], [ -97.170658936165864, 19.552751816718477 ], [ -97.170337930486184, 19.552486591060678 ], [ -97.170186497821234, 19.552394720894348 ], [ -97.170053306695081, 19.552375303812546 ], [ -97.169967247199295, 19.552401532084914 ], [ -97.169775256546799, 19.552526055336568 ], [ -97.169438507843481, 19.552811714233307 ], [ -97.169208709179742, 19.552908752840153 ], [ -97.168138895850092, 19.553132772309098 ], [ -97.167709615077527, 19.553173583453304 ], [ -97.166783436875789, 19.553335817726346 ], [ -97.166181319808985, 19.553492305746541 ], [ -97.165721921330302, 19.553668308898782 ], [ -97.165520295832138, 19.553801762886227 ], [ -97.165268168288549, 19.554187641833966 ], [ -97.164795151293163, 19.55472484457983 ], [ -97.164544860116024, 19.554948137685798 ], [ -97.164448861407053, 19.555010396148397 ], [ -97.164324482057893, 19.555054298924208 ], [ -97.164200920417585, 19.555025941829605 ], [ -97.164106352712338, 19.554961745486754 ], [ -97.163776235414645, 19.554660281940855 ], [ -97.163010477613938, 19.55411951405322 ], [ -97.162877797872383, 19.554054929299092 ], [ -97.162734362417865, 19.554098637073366 ], [ -97.16265680635982, 19.554215283313503 ], [ -97.162577715569199, 19.554467416481724 ], [ -97.162516044089884, 19.554864262993011 ], [ -97.162447708829106, 19.555008103471724 ], [ -97.162273333896422, 19.555259266452929 ], [ -97.162070782733764, 19.555474008324335 ], [ -97.161608508582148, 19.555902908994835 ], [ -97.161348683070997, 19.556126100092083 ], [ -97.161062524539375, 19.556150285518502 ], [ -97.160937938762714, 19.556212250718605 ], [ -97.160583135245531, 19.556407372404728 ], [ -97.160227511305891, 19.556674752924909 ], [ -97.160093396433425, 19.556736620360187 ], [ -97.15994053204922, 19.556771196071821 ], [ -97.159253769225586, 19.55682742820408 ], [ -97.158967711956379, 19.55684257773585 ], [ -97.158834519314567, 19.556823152193477 ], [ -97.158588216388424, 19.556694170812619 ], [ -97.158228803965798, 19.556455633188328 ], [ -97.15805831882534, 19.556363558689238 ], [ -97.157925434474791, 19.556317035197694 ], [ -97.157639993737831, 19.556277988060312 ], [ -97.15757237179227, 19.556358599209791 ], [ -97.157571551010193, 19.556430858708577 ], [ -97.157748896962758, 19.556757874287221 ], [ -97.157908212581688, 19.556994370869031 ], [ -97.158011896758708, 19.557094797337658 ], [ -97.158513826458076, 19.557370923475425 ], [ -97.158703062166339, 19.557490289374762 ], [ -97.158787177580365, 19.557635683261182 ], [ -97.158813814755021, 19.557807591261877 ], [ -97.158755105871549, 19.557942494687733 ], [ -97.1586680165383, 19.55805904158068 ], [ -97.15829250837858, 19.55839848278374 ], [ -97.158253266111544, 19.558497450689178 ], [ -97.158287585000977, 19.558832039844891 ], [ -97.158276825608837, 19.558940331874275 ], [ -97.15814813344582, 19.559363592371241 ], [ -97.157943109320172, 19.559795107120891 ], [ -97.157865752107469, 19.559893685859365 ], [ -97.157731325890452, 19.559982648532024 ], [ -97.157607043819567, 19.560017513762119 ], [ -97.15735909532107, 19.560033049356459 ], [ -97.156968833933874, 19.559992930474191 ], [ -97.156277149799081, 19.559642593510056 ], [ -97.156154510892122, 19.559532938904876 ], [ -97.155780558873062, 19.558896774828881 ], [ -97.155705357941869, 19.558805671645864 ], [ -97.155592043095155, 19.558714178948474 ], [ -97.155118186868165, 19.558483499093136 ], [ -97.154728649543273, 19.558380148758864 ], [ -97.154614718939698, 19.558342850034936 ], [ -97.154510727979456, 19.558269518992539 ], [ -97.154436144762954, 19.558124220838412 ], [ -97.154443750484674, 19.557455821761717 ], [ -97.154378182145265, 19.557355783134348 ], [ -97.153971338917685, 19.557098685437175 ], [ -97.153847983821407, 19.557052256442699 ], [ -97.15378118226343, 19.557060606646214 ], [ -97.153733540301246, 19.557060119335343 ], [ -97.153646962211496, 19.557131501477016 ], [ -97.153626465913234, 19.557257760368888 ], [ -97.153651658009238, 19.557556122515255 ], [ -97.153631161630869, 19.55768238139807 ], [ -97.153484121872012, 19.558042215864937 ], [ -97.153173040345436, 19.558581040985374 ], [ -97.153105106687363, 19.558688747418639 ], [ -97.152979899126152, 19.558804901169328 ], [ -97.152884717094537, 19.558794893617819 ], [ -97.152809312190328, 19.558721854184288 ], [ -97.152659222769827, 19.558512548367066 ], [ -97.152564864049594, 19.558430281384133 ], [ -97.152356575493215, 19.558310714252588 ], [ -97.152024829077263, 19.558153749050543 ], [ -97.151777809977773, 19.558087985508944 ], [ -97.151644617668794, 19.558068554647271 ], [ -97.15143437430315, 19.558120602224655 ], [ -97.151079659624131, 19.558306671506582 ], [ -97.150273191969433, 19.558831382016681 ], [ -97.150243576338767, 19.558921413025061 ], [ -97.150182902619079, 19.559227928572145 ], [ -97.150200414251216, 19.55936360984516 ], [ -97.150285140624888, 19.559454812743923 ], [ -97.150359308398308, 19.559636241929599 ], [ -97.150432549188267, 19.559898962671777 ], [ -97.150431003954907, 19.560034448631129 ], [ -97.150400976055593, 19.560160609230991 ], [ -97.150247076779138, 19.560285500245939 ], [ -97.149941441481744, 19.560345601538259 ], [ -97.149598516250833, 19.560333052366296 ], [ -97.149465322528542, 19.560313619770511 ], [ -97.149370861539438, 19.560240383570626 ], [ -97.149353247504536, 19.560113734670022 ], [ -97.149364219109827, 19.559987378894686 ], [ -97.149336973480501, 19.55986966467605 ], [ -97.14920501717819, 19.559741843225787 ], [ -97.148920604816837, 19.559612458084501 ], [ -97.148664159794251, 19.559537560091815 ], [ -97.148407405662439, 19.559489758915742 ], [ -97.148150342294784, 19.559469054544643 ], [ -97.147902188605414, 19.559502641904388 ], [ -97.147777905412028, 19.5595375002213 ], [ -97.147384760330283, 19.559750267594104 ], [ -97.147297868609101, 19.559848743466834 ], [ -97.147228073142685, 19.560119030165815 ], [ -97.147119956791656, 19.560406990261281 ], [ -97.147042489883816, 19.560514596170457 ], [ -97.146946068953056, 19.560612973981872 ], [ -97.146706306458356, 19.560746013520895 ], [ -97.146382541574482, 19.560724621512808 ], [ -97.145717917449488, 19.560510024889481 ], [ -97.145499277243701, 19.56046261113061 ], [ -97.144146844266103, 19.560394508047676 ], [ -97.143775128005103, 19.560399718599516 ], [ -97.143640487769105, 19.560506734824301 ], [ -97.143601339616993, 19.560596666386868 ], [ -97.143574837539646, 19.561246800361761 ], [ -97.143545010910742, 19.561354894628373 ], [ -97.143448794306565, 19.561435205626672 ], [ -97.14336303696598, 19.561434323361656 ], [ -97.143125959890455, 19.561332516469307 ], [ -97.142954755672761, 19.561303654527848 ], [ -97.142849527478617, 19.561338705346603 ], [ -97.142772471202079, 19.561410179716571 ], [ -97.14255922106554, 19.56172415465041 ], [ -97.142463107254258, 19.561795432706965 ], [ -97.142061353321282, 19.561926798150893 ], [ -97.141936756831285, 19.561988749234445 ], [ -97.141811953236996, 19.562068764925581 ], [ -97.141693469175593, 19.562428881497482 ], [ -97.141509008580584, 19.562725084553321 ], [ -97.141468823328339, 19.562905338975625 ], [ -97.14149150804262, 19.563420477239717 ], [ -97.141480219262746, 19.56357392901268 ], [ -97.141342364987054, 19.563960945899616 ], [ -97.141255570918233, 19.564050385986508 ], [ -97.141112329220064, 19.564076010633038 ], [ -97.141017248988021, 19.564056964286046 ], [ -97.140941640517397, 19.564001984857558 ], [ -97.140855778370039, 19.564010133634461 ], [ -97.140702386458059, 19.564089853836652 ], [ -97.140587730883581, 19.564115772609316 ], [ -97.140473489653957, 19.564105561937772 ], [ -97.140151066887512, 19.56396673783944 ], [ -97.139998503683756, 19.563974198699924 ], [ -97.139628748999726, 19.563807785595799 ], [ -97.139381624414952, 19.56375103715899 ], [ -97.139038487305641, 19.56375653205976 ], [ -97.138914199416647, 19.563791383829724 ], [ -97.138674633746746, 19.563906347055113 ], [ -97.138550553084201, 19.563923133893486 ], [ -97.138379969636858, 19.563840073469404 ], [ -97.138182044899082, 19.563648329982939 ], [ -97.138164232142174, 19.563539745382279 ], [ -97.138195203695389, 19.563332296716055 ], [ -97.138188164202944, 19.563115422454395 ], [ -97.138141765495988, 19.563006542910216 ], [ -97.137906557246055, 19.562742147309425 ], [ -97.137472804937588, 19.562340201341961 ], [ -97.137322318528945, 19.562167013500112 ], [ -97.13726628828023, 19.562067067763763 ], [ -97.137138076255923, 19.561614074366155 ], [ -97.137081942518122, 19.561523160919279 ], [ -97.136931145910211, 19.561377069812593 ], [ -97.136848087182329, 19.561141343972253 ], [ -97.136782425220048, 19.561050332080303 ], [ -97.136697602485015, 19.560968155733864 ], [ -97.136488701430537, 19.560902764951187 ], [ -97.13636400018062, 19.560973744405146 ], [ -97.136267884421571, 19.561045018978657 ], [ -97.135940176515987, 19.5613668365188 ], [ -97.135480209821026, 19.561587919601106 ], [ -97.135278344314983, 19.561739401472668 ], [ -97.135191548467645, 19.56182883848448 ], [ -97.135046438344631, 19.562017040095949 ], [ -97.13466786194266, 19.562618364281537 ], [ -97.134310626386636, 19.563021173592947 ], [ -97.134154738174672, 19.563317663497923 ], [ -97.134009313581188, 19.563532960964956 ], [ -97.133825669914657, 19.563756896404946 ], [ -97.133710390068615, 19.563837004580392 ], [ -97.133586309257879, 19.563853787964952 ], [ -97.133101282566656, 19.563767470041071 ], [ -97.132977201785252, 19.563784253005739 ], [ -97.132900348306634, 19.56383765807956 ], [ -97.13279251626048, 19.564098510273073 ], [ -97.132734199833962, 19.564197273972248 ], [ -97.132637976582672, 19.564277578599928 ], [ -97.132494525865084, 19.564321260873903 ], [ -97.132075471084619, 19.56429885653964 ], [ -97.131961542963239, 19.564261543615537 ], [ -97.131572948220551, 19.56407685273706 ], [ -97.13147786956975, 19.564057801452481 ], [ -97.131152749152889, 19.56415380155714 ], [ -97.130682927667067, 19.56440186933429 ], [ -97.130558638000537, 19.56443671515451 ], [ -97.130444710222235, 19.56439940129323 ], [ -97.130322087090775, 19.564289730314712 ], [ -97.13010563569739, 19.564052619802286 ], [ -97.130040393412315, 19.563925476544153 ], [ -97.13003201065851, 19.563826022624603 ], [ -97.129930633279443, 19.563526870871435 ], [ -97.129705071545274, 19.563253532090926 ], [ -97.129669145033446, 19.563063459009062 ], [ -97.129670707868257, 19.562927974697775 ], [ -97.129719601127647, 19.562820081046329 ], [ -97.129883983378889, 19.562614017226984 ], [ -97.12993308473051, 19.562488058915996 ], [ -97.129944175869397, 19.562352673320412 ], [ -97.129926785451048, 19.562207959199341 ], [ -97.129872635061091, 19.561945430330557 ], [ -97.129789586682861, 19.561709702075056 ], [ -97.129593342294456, 19.561373433551992 ], [ -97.129358672115828, 19.561063866662064 ], [ -97.129235947902529, 19.560963227462622 ], [ -97.129073963604469, 19.56096154821353 ], [ -97.128777850926042, 19.561021711672886 ], [ -97.128261331701978, 19.561187989122455 ], [ -97.127994221006787, 19.561212318593697 ], [ -97.127737473054324, 19.561164488284643 ], [ -97.127349203983982, 19.560952692422298 ], [ -97.127149523235119, 19.560914486838627 ], [ -97.127015185674637, 19.560994392880968 ], [ -97.126831014510827, 19.561263482070949 ], [ -97.126599408875492, 19.561514011890235 ], [ -97.126503288957039, 19.561585280875484 ], [ -97.126149481592748, 19.561690007651414 ], [ -97.126052943853438, 19.561797405450065 ], [ -97.125973062087581, 19.562112743282778 ], [ -97.125845745973379, 19.56240952170814 ], [ -97.125844597585669, 19.562508876657596 ], [ -97.125803873291645, 19.562734287501318 ], [ -97.12564011253528, 19.562886153560918 ], [ -97.124807156648444, 19.563220766865296 ], [ -97.124079952878432, 19.563475175393648 ], [ -97.123877761828538, 19.563653740171517 ], [ -97.123722690844573, 19.563877961367307 ], [ -97.123681440478606, 19.564148532703172 ], [ -97.123613485564192, 19.564256226162595 ], [ -97.123313601699181, 19.564641541078018 ], [ -97.122947015517482, 19.565026161486017 ], [ -97.122617601071369, 19.565492467812838 ], [ -97.122500327560928, 19.5657441809531 ], [ -97.122460434316068, 19.565897332536263 ], [ -97.122456877636381, 19.566204428933371 ], [ -97.122417507259058, 19.566312419254572 ], [ -97.122349759740999, 19.566402047576343 ], [ -97.122253844308446, 19.566455249374673 ], [ -97.122072588366379, 19.566471429537337 ], [ -97.121739290647469, 19.566449893445554 ], [ -97.121484525821486, 19.566230441132692 ], [ -97.121099918535933, 19.565702503188565 ], [ -97.12079143849482, 19.56518439078814 ], [ -97.120726412852534, 19.565039180264083 ], [ -97.120740024724398, 19.564687022178646 ], [ -97.12081018016741, 19.564389652940893 ], [ -97.120965150825441, 19.56417446687691 ], [ -97.121166926813316, 19.564032034663267 ], [ -97.121350377822068, 19.563826178078337 ], [ -97.121477075338277, 19.563583597110082 ], [ -97.121497597598804, 19.563457344080895 ], [ -97.121503039151122, 19.562987667350679 ], [ -97.121467645663131, 19.562752432204437 ], [ -97.121244507193396, 19.562271342466548 ], [ -97.121038856981912, 19.561925934619349 ], [ -97.120944723334333, 19.561825587794047 ], [ -97.120821794990988, 19.561743007747214 ] ] ] } }
]
}
